link,name,price
https://www.whiskyshop.com/the-last-drop-56-year-old,The Last Drop 56 Year Old Blended Scotch Whisky,"3,750.00"
https://www.whiskyshop.com/scotland-in-a-box,Scotland in a Box,71.00
https://www.whiskyshop.com/teeling-stocking-filler-mini-in-jar,Teeling Stocking Filler Miniature in Jar,15.00
https://www.whiskyshop.com/shackleton-blended-malt-scotch,Shackleton Blended Malt Scotch,from 35.00
https://www.whiskyshop.com/evan-williams-white-label,Evan Williams Bottled in Bond,37.00
https://www.whiskyshop.com/gordon-macphail-glen-grant-1951-60-year-old,Glen Grant 1951 bottled in 2013 ,"3,750.00"
https://www.whiskyshop.com/glenfiddich-manhattan,Batch &amp; Bottle Glenfiddich Scotch Manhattan,26.00
https://www.whiskyshop.com/glencairn-whisky-glass,Glencairn Whisky Glass,5.00
https://www.whiskyshop.com/suntory-whisky-toki,Suntory Whisky Toki,from 32.00
https://www.whiskyshop.com/campbeltown-scotch-whisky-candle,Campbeltown Whisky Scented Candle,30.00
https://www.whiskyshop.com/eteaket-tomatin-whisky-tea,eteaket Tomatin Whisky Tea,9.00
https://www.whiskyshop.com/malt-whisky-yearbook-2022,Malt Whisky Yearbook 2022,15.00
https://www.whiskyshop.com/malt-whisky-yearbook-2021,Malt Whisky Yearbook 2021,14.95
https://www.whiskyshop.com/glencairn-green-whisky-glass,Glencairn Green Whisky Glass,7.00
https://www.whiskyshop.com/glencairn-red-whisky-glass,Glencairn Red Whisky Glass,7.00
https://www.whiskyshop.com/glencairn-black-whisky-glass,Glencairn Black Whisky Glass,7.00
https://www.whiskyshop.com/glencairn-gold-whisky-glass,Glencairn Gold Whisky Glass,7.00
https://www.whiskyshop.com/malt-whisky-yearbook-2019,Malt Whisky Yearbook 2019,14.00
https://www.whiskyshop.com/oxford-heritage-corn-whisky,Oxford Heritage Corn Whisky,90.00
https://www.whiskyshop.com/jack-and-victor-blended-whisky,Jack and Victor Blended Whisky,35.00
https://www.whiskyshop.com/islay-whisky-scented-candle,Islay Whisky Scented Candle,30.00
https://www.whiskyshop.com/highland-whisky-scented-candle,Highland Whisky Scented Candle,30.00
https://www.whiskyshop.com/speyside-whisky-scented-candle,Speyside Whisky Scented Candle,30.00
https://www.whiskyshop.com/hatozaki-blended-japanese-whisky,Hatozaki Japanese Blended Whisky,35.00
https://www.whiskyshop.com/compass-box-malt-whisky-collection,Compass Box Malt Whisky Collection,24.00
https://www.whiskyshop.com/glenrothes-whisky-maker-s-cut,Glenrothes Whisky Maker's Cut,56.00
https://www.whiskyshop.com/cotswolds-single-malt-whisky,Cotswolds Single Malt Whisky,57.00
https://www.whiskyshop.com/easter-hunt-whisky-gift-pack,Easter Hunt Whisky Gift Pack,30.00
https://www.whiskyshop.com/glenglassaugh-40-year-old-teardrop,Glenglassaugh 40 Year Old Whisky,"1,600.00"
https://www.whiskyshop.com/glencairn-whisky-glass-4-pack,Glencairn Whisky Glass 4 Pack,27.00
https://www.whiskyshop.com/glencairn-whisky-glass-2-pack,Glencairn Whisky Glass 2 Pack,15.00
https://www.whiskyshop.com/oxford-rye-whisky-batch-3,Oxford Rye Whisky Batch 3,115.00
https://www.whiskyshop.com/the-loch-fyne-whisky-gift-pack,The Loch Fyne Whisky Taster Pack,26.00
https://www.whiskyshop.com/drinks-by-the-dram-whisky-baubles,Drinks By The Dram Whisky Baubles ,41.00
https://www.whiskyshop.com/hakushu-12-year-old,Hakushu 12 Year Old Whisky,175.00
https://www.whiskyshop.com/happy-easter-eggs-whisky-gift-pack,Happy Easter Eggs Whisky Gift Pack,30.00
https://www.whiskyshop.com/thought-of-you-whisky-gift-pack-6x3cl,Thought Of You Whisky Gift Pack,30.00
https://www.whiskyshop.com/thanks-for-everything-gift-pack-6x3cl,Thanks For Everything Whisky Gift Pack,30.00
https://www.whiskyshop.com/a-wee-dram-glencairn-whisky-glass,A Wee Dram Glencairn Whisky Glass,6.99
https://www.whiskyshop.com/english-whisky-company-9-year-old-batch-4-that-boutique-y-whisky-company,English Whisky Company 9 Year Old Batch 4 That Boutique-y Whisky Company,79.95
https://www.whiskyshop.com/balcones-corn-whisky-2-year-old-batch-4-that-boutique-y-whisky-company,Balcones Corn Whisky 2 Year Old Batch 4 That Boutique-y Whisky Company,69.95
https://www.whiskyshop.com/out-of-this-world-whisky-blend,Out of This World Whisky Blend,103.00
https://www.whiskyshop.com/noble-isle-whisky-water-candle,Noble Isle Whisky &amp; Water Candle,41.00
https://www.whiskyshop.com/water-of-life-glencairn-whisky-glass,The Water Of Life Glencairn Whisky Glass,7.00
https://www.whiskyshop.com/noble-isle-whisky-water-hand-lotion,Noble Isle Whisky &amp; Water Hand Lotion,21.00
https://www.whiskyshop.com/stylish-whisky-globe-decanter-20cl,Stylish Whisky Globe Decanter 20cl,49.00
https://www.whiskyshop.com/the-one-fine-blended-whisky-moscatel-cask,The One Fine Blended Whisky Moscatel Cask,49.00
https://www.whiskyshop.com/stylish-whisky-golf-club-decanter-20cl,Stylish Whisky Golf Club Decanter 20cl,49.00
https://www.whiskyshop.com/stylish-whisky-mini-nessie-decanter-10cl,Stylish Whisky Mini Nessie Decanter 10cl,29.00
https://www.whiskyshop.com/whisky-works-king-of-trees-10-year-old,Whisky Works King of Trees 10 Year Old,78.00
https://www.whiskyshop.com/the-whisky-advent-calendar-2021,The Whisky Advent Calendar (2021 Edition),115.99
https://www.whiskyshop.com/happy-easter-cracked-egg-whisky-gift-pack,Happy Easter (Cracked Egg) Whisky Gift Pack,30.00
https://www.whiskyshop.com/keep-calm-and-have-a-dram-glencairn-whisky-glass,Keep Calm And Have a Dram Glencairn Whisky Glass,6.99
https://www.whiskyshop.com/world-whisky-advent-calendar-2021-edition,The World Whisky Advent Calendar (2021 Edition),139.00
https://www.whiskyshop.com/cake-didn-t-turn-out-whisky-gift-pack,Cake Didn't Turn Out Whisky Gift Pack,30.00
https://www.whiskyshop.com/invergordon-50-year-old-that-boutique-y-whisky-company,Invergordon 50 Year Old That Boutique-y Whisky Company,360.00
https://www.whiskyshop.com/laphroaig-15-year-old-2004-the-character-of-islay-whisky-company,Laphroaig 15 Year Old 2005 The Character of Islay Whisky Company,275.00
https://www.whiskyshop.com/happy-birthday-light-blue-6-reasons-whisky-gift-pack,Happy Birthday (Light Blue) 6 Reasons Whisky Gift Pack,30.00
https://www.whiskyshop.com/happy-birthday-dark-blue-6-reasons-whisky-gift-pack,Happy Birthday (Dark Blue) 6 Reasons Whisky Gift Pack,30.00
https://www.whiskyshop.com/grace-ile-25-year-old-the-character-of-islay-whisky-company,Grace Ile 25 Year Old The Character of Islay Whisky Company,310.00
https://www.whiskyshop.com/fiona-macleod-33-year-old-the-character-of-islay-whisky-company,Fiona Macleod 33 Year Old The Character of Islay Whisky Company ,410.00
https://www.whiskyshop.com/ichiros-malt-grain-world-blended-whisky-2020-blue-label,Ichiro's Malt &amp; Grain World Blended Whisky 2020 Blue Label,191.00
https://www.whiskyshop.com/inchmurrin-22-year-old-batch-6-that-boutique-y-whisky-company,Inchmurrin 22 Year Old Batch 6 That Boutique-y Whisky Company,119.95
https://www.whiskyshop.com/blanton-s-single-barrel-2021-limited-edition-whisky-live-singapore,Blanton's Single Barrel 2021 Limited Edition - Whisky Live Singapore,"1,520.00"
https://www.whiskyshop.com/macduff-21-year-old-batch-7-that-boutique-y-whisky-company,Macduff 21 Year Old Batch 7 That Boutique-y Whisky Company,103.95
https://www.whiskyshop.com/glenrothes-12-year-old-batch-11-that-boutique-y-whisky-company,Glenrothes 12 Year Old Batch 11 That Boutique-y Whisky Company,46.95
https://www.whiskyshop.com/westport-21-year-old-batch-1-that-boutique-y-whisky-company,Westport 21 Year Old Batch 1 That Boutique-y Whisky Company,156.00
https://www.whiskyshop.com/strathmill-22-year-old-batch-7-that-boutique-y-whisky-company,Strathmill 22 Year Old Batch 7 That Boutique-y Whisky Company ,205.00
https://www.whiskyshop.com/aultmore-38-year-old-batch-17-that-boutique-y-whisky-company,Aultmore 38 Year Old Batch 17 That Boutique-y Whisky Company ,715.00
https://www.whiskyshop.com/noble-isle-whisky-water-wash-lotion-gift-box,Noble Isle Whisky &amp; Water Hand Wash &amp; Hand Lotion Gift Box,39.00
https://www.whiskyshop.com/chichibu-2013-single-ex-bourbon-barrel-2463-whisky-mew,Chichibu 2013 Single Ex-Bourbon Barrel #2463 Whisky Mew,"2,995.00"
https://www.whiskyshop.com/bruichladdich-28-year-old-batch-19-that-boutique-y-whisky-company,Bruichladdich 28 Year Old Batch 19 That Boutique-y Whisky Company,217.00
https://www.whiskyshop.com/blended-malt-25-year-old-that-boutique-y-whisky-company,Blended Malt #1 25 Year Old That Boutique-y Whisky Company,131.00
https://www.whiskyshop.com/that-boutique-y-whisky-company-advent-calendar-2021,That Boutique-y Whisky Company Advent Calendar (2021 Edition),95.99
https://www.whiskyshop.com/armonik-5-year-old-batch-2-that-boutique-y-whisky-company,Armonik 5 Year Old Batch 2 That Boutique-y Whisky Company,69.95
https://www.whiskyshop.com/willowbank-18-year-old-batch-2-that-boutique-y-whisky-company,Willowbank 18 Year Old Batch 2 That Boutique-y Whisky Company,159.95
https://www.whiskyshop.com/elsburn-3-year-old-batch-2-that-boutique-y-whisky-company,Elsburn 3 Year Old Batch 2 That Boutique-y Whisky Company,99.95
https://www.whiskyshop.com/puni-4-year-old-batch-1-that-boutique-y-whisky-company,Puni 4 Year Old Batch 1 That Boutique-y Whisky Company,74.95
https://www.whiskyshop.com/karuizawa-19-year-old-that-boutique-y-whisky-company,Karuizawa 19 Year Old That Boutique-y Whisky Company Batch 3,"3,295.00"
https://www.whiskyshop.com/highland-single-malt-1-42-year-old-that-boutique-y-whisky-company,Highland Single Malt #1 42 Year Old That Boutique-y Whisky Company,410.00
https://www.whiskyshop.com/nc-nean-3-year-old-that-boutique-y-whisky-company,Nc'Nean 3 Year Old Batch 2 That Boutique-y Whisky Company,72.00
https://www.whiskyshop.com/black-gate-3-year-old-batch-2-that-boutique-y-whisky-company,Black Gate 3 Year Old Batch 2 That Boutique-y Whisky Company,115.00
https://www.whiskyshop.com/bakery-hill-5-year-old-australia-series-that-boutique-y-whisky-company,Bakery Hill 5 Year Old Australia Series That Boutique-y Whisky Company,144.00
https://www.whiskyshop.com/tin-shed-3-year-old-australia-series-that-boutique-y-whisky-company,Tin Shed 3 Year Old Australia Series That Boutique-y Whisky Company ,103.00
https://www.whiskyshop.com/destillerie-ralf-hauer-4-year-old-batch-1-that-boutique-y-whisky-company,Destillerie Ralf Hauer 4 Year Old Batch 1 That Boutique-y Whisky Company,69.95
https://www.whiskyshop.com/irish-single-malt-batch-2-29-year-old-that-boutique-y-whisky-company,Irish Single Malt Whiskey Home Nation Series Batch 2 29 Year Old That Boutique-y Whisky Company,295.00
https://www.whiskyshop.com/glenfarclas-1967,Glenfarclas 1967,"3,999.00"
https://www.whiskyshop.com/glenfarclas-1984,Glenfarclas 1984 ,"5,500.00"
https://www.whiskyshop.com/glenfarclas-1975,Glenfarclas 1975 ,"5,900.00"
https://www.whiskyshop.com/glenfarclas-1974,Glenfarclas 1974,"3,500.00"
https://www.whiskyshop.com/glenfarclas-1965,Glenfarclas 1965,"3,999.00"
https://www.whiskyshop.com/glenfarclas-1961,Glenfarclas 1961,"4,400.00"
https://www.whiskyshop.com/stag-s-breath,Stag's Breath,18.00
https://www.whiskyshop.com/glenfarclas-1973,Glenfarclas 1973,"3,500.00"
https://www.whiskyshop.com/glenfarclas-1957,Glenfarclas 1957,"10,850.00"
https://www.whiskyshop.com/bruichladdich-islay-barley,Bruichladdich Islay Barley,69.00
https://www.whiskyshop.com/tomatin-14-year-old,Tomatin 14 Year Old,63.00
https://www.whiskyshop.com/classic-malts-coastal-collection,Classic Malts Coastal Collection,47.00
https://www.whiskyshop.com/black-bull-40-year-old,Black Bull 40 year old,830.00
https://www.whiskyshop.com/classic-malts-gentle-collection,Classic Malts Gentle Collection,47.00
https://www.whiskyshop.com/kilchoman-sanaig-20cl,Kilchoman Sanaig 20cl,25.00
https://www.whiskyshop.com/macallan-1940-35-year-old-fine-rare,Macallan 1940 35 Year Old Fine &amp; Rare,"40,000.00"
https://www.whiskyshop.com/glen-scotia-taster-pack,Glen Scotia Taster Pack,25.00
https://www.whiskyshop.com/kilchoman-marchir-bay-20cl,Kilchoman Machir Bay 20cl,25.00
https://www.whiskyshop.com/bruichladdich-islay-barley-20cl,Bruichladdich Islay Barley 20cl,29.00
https://www.whiskyshop.com/johnnie-walker-blenders-batch-directors-edition-2016,Johnnie Walker Blenders' Batch Directors Edition 2016,"2,995.00"
https://www.whiskyshop.com/michter-s-barrel-strength-rye-l21b468,Michter's Barrel Strength Rye L21B468,125.00
https://www.whiskyshop.com/auchentoshan-gift-pack-3x5cl,Auchentoshan Gift Pack 3x5cl,33.00
https://www.whiskyshop.com/balvenie-miniature-pack-3x5cl,Balvenie Miniature Pack 3x5cl,24.00
https://www.whiskyshop.com/the-octave-glenrothes-2009-12-year-old,The Octave Glenrothes 2009 12 Year Old,120.00
https://www.whiskyshop.com/monkey-shoulder-smokey-monkey,Monkey Shoulder Smokey Monkey,33.00
https://www.whiskyshop.com/teachers-highland-cream-whisky,Teacher's Highland Cream,18.00
https://www.whiskyshop.com/robert-burns-blend,Robert Burns Blend ,21.00
https://www.whiskyshop.com/bowmore-bicentenary,Bowmore Bicentenary,
https://www.whiskyshop.com/duncan-taylor-bunnahabhain-peated-2014-7-year-old,Duncan Taylor Bunnahabhain Peated  2014 7 Year Old,85.00
https://www.whiskyshop.com/tomatin-12-year-old,Tomatin 12 Year Old ,42.00
https://www.whiskyshop.com/pigs-nose-blend,Pigs Nose Blend,21.00
https://www.whiskyshop.com/scapa-skiren,Scapa Skiren,45.00
https://www.whiskyshop.com/smokehead-sherry-bomb,Smokehead Sherry Bomb,65.00
https://www.whiskyshop.com/kinclaith-1969-40-year-old,Kinclaith 1969 40 Year Old,"3,999.00"
https://www.whiskyshop.com/laphroaig-1997-23-year-old-kinship,The Kinship Laphroaig 23 Year Old 1997,539.00
https://www.whiskyshop.com/ardbeg-2001-19-year-old-kinship,The Kinship Ardbeg 19 Year Old 2001,497.00
https://www.whiskyshop.com/loch-lomond-12-year-old-taster-pack,Loch Lomond 12 Year Old Taster Pack,22.00
https://www.whiskyshop.com/ballantines-finest,Ballantine's Finest,23.00
https://www.whiskyshop.com/scapa-glansa-the-orcadian,Scapa Glansa,46.00
https://www.whiskyshop.com/kingsbarns-distillery-reserve,Kingsbarns Distillery Reserve,65.00
https://www.whiskyshop.com/benromach-cara-gold,Benromach Cara Gold,50.00
https://www.whiskyshop.com/kingsbarns-balcomie,Kingsbarns Balcomie,45.00
https://www.whiskyshop.com/talisker-1953-24-year-old-connoisseur-s-choice,Talisker 1953 24 Year Old Connoisseur's Choice,"3,000.00"
https://www.whiskyshop.com/highland-park-21-year-old,Highland Park 21 Year Old,210.00
https://www.whiskyshop.com/loch-lomond-single-grain,Loch Lomond Single Grain,28.00
https://www.whiskyshop.com/aberlour-abunadh-alba,Aberlour A’bunadh Alba,85.00
https://www.whiskyshop.com/sheep-dip-islay-blended-malt,Sheep Dip Islay Blended Malt,31.00
https://www.whiskyshop.com/the-irishman-the-harvest,The Irishman The Harvest,36.00
https://www.whiskyshop.com/river-rock-single-malt,River Rock Single Malt,35.00
https://www.whiskyshop.com/glengoyne-time-keeper,Glengoyne Time Keeper,48.00
https://www.whiskyshop.com/black-bull-kyloe,Black Bull Kyloe,29.00
https://www.whiskyshop.com/loch-lomond-taster-pack,Loch Lomond Taster Pack,21.00
https://www.whiskyshop.com/compass-box-the-spaniard,Compass Box The Spaniard,52.00
https://www.whiskyshop.com/knockando-12-year-old,Knockando 12 year old ,38.00
https://www.whiskyshop.com/mortlach-1978-private-collection,Mortlach 1978 Private Collection,"2,099.00"
https://www.whiskyshop.com/talisker-distillers-edition-2021,Talisker Distillers Edition 2021,69.00
https://www.whiskyshop.com/strathmill-12-year-old,Strathmill 12 year old ,46.00
https://www.whiskyshop.com/glenlivet-1978-private-collection,Glenlivet 1978 Private Collection,"2,099.00"
https://www.whiskyshop.com/glenlivet-1976-private-collection,Glenlivet 1976 Private Collection,"2,349.00"
https://www.whiskyshop.com/velvet-fig-small-batch,Velvet Fig Small Batch,45.00
https://www.whiskyshop.com/glenlivet-spectra,The Glenlivet Spectra,110.00
https://www.whiskyshop.com/black-bull-peated-edition,Black Bull Peated Edition,33.00
https://www.whiskyshop.com/personalised-famous-grouse,Personalised Famous Grouse,26.00
https://www.whiskyshop.com/oban-little-bay,Oban Little Bay,from 54.00
https://www.whiskyshop.com/piper-decanter,Piper Decanter,89.00
https://www.whiskyshop.com/teaninich-10-year-old,Teaninich 10 Year Old,47.00
https://www.whiskyshop.com/longmorn-18-year-old,Longmorn 18 Year Old,85.00
https://www.whiskyshop.com/dalwhinnie-distillers-edition-2021,Dalwhinnie Distillers Edition 2021,68.00
https://www.whiskyshop.com/wemyss-malts-smoky-shores-blended-malt,Wemyss Malts Smoky Shores Blended Malt,49.00
https://www.whiskyshop.com/tobermory-2007-sherry-finish,Tobermory 2007 Sherry Finish ,110.00
https://www.whiskyshop.com/bunnahabhain-aonadh,Bunnahabhain Aonadh,125.00
https://www.whiskyshop.com/john-walker-sons-king-george-v,John Walker &amp; Sons King George V,570.00
https://www.whiskyshop.com/character-of-islay-tasting-set-pack,Character of Islay Tasting Set Pack,31.00
https://www.whiskyshop.com/barrel-and-2-glasses,Barrel and 2 Glasses,89.00
https://www.whiskyshop.com/port-charlotte-islay-barley-2013,Port Charlotte Islay Barley 2013 ,67.00
https://www.whiskyshop.com/glenglassaugh-torfa,Glenglassaugh Torfa,55.00
https://www.whiskyshop.com/tamdhu-batch-strength-batch-6,Tamdhu Batch Strength (Batch 6),78.00
https://www.whiskyshop.com/cardhu-18-year-old,Cardhu 18 Year Old,80.00
https://www.whiskyshop.com/chivas-regal-15-year-old,Chivas Regal 15 Year Old,45.00
https://www.whiskyshop.com/chivas-regal-13-year-old,Chivas Regal 13 Year Old,35.00
https://www.whiskyshop.com/arran-machrie-moor,Arran Machrie Moor ,50.00
https://www.whiskyshop.com/whyte-mackay,Whyte &amp; Mackay ,19.00
https://www.whiskyshop.com/laphroaig-quarter-cask,Laphroaig Quarter Cask,41.00
https://www.whiskyshop.com/cragganmore-12-year-old,Cragganmore 12 Year Old,38.00
https://www.whiskyshop.com/monkey-shoulder-fever-tree-gift-pack,Monkey Shoulder Fever Tree Gift Pack,15.00
https://www.whiskyshop.com/linkwood-1981-private-collection,Linkwood 1981 Private Collection ,"1,250.00"
https://www.whiskyshop.com/aerstone-10-year-old-land-cask,Aerstone 10 Year Old Land Cask,31.00
https://www.whiskyshop.com/aerstone-10-year-old-sea-cask,Aerstone 10 Year Old Sea Cask ,31.00
https://www.whiskyshop.com/globe-and-4-glasses,Globe Decanter &amp; 4 Glasses,89.00
https://www.whiskyshop.com/cragganmore-distillers-edition,Cragganmore Distillers Edition ,62.00
https://www.whiskyshop.com/benriach-heart-of-speyside,BenRiach Heart of Speyside,43.00
https://www.whiskyshop.com/barley-tap-and-2-glasses,Barley Tap and 2 Glasses,89.00
https://www.whiskyshop.com/port-charlotte-islay-barley,Port Charlotte Islay Barley 2012 ,67.00
https://www.whiskyshop.com/glenlossie-10-year-old,Glenlossie 10 year old,50.00
https://www.whiskyshop.com/mannochmore-12-year-old,Mannochmore 12 Year Old,81.00
https://www.whiskyshop.com/the-glenlivet-captain-s-reserve,The Glenlivet Captain's Reserve,47.00
https://www.whiskyshop.com/the-lost-distillery-co-gerston,The Lost Distillery Co. Gerston,52.00
https://www.whiskyshop.com/benromach-organic,Benromach Organic,46.00
https://www.whiskyshop.com/oban-14-year-old,Oban 14 Year Old,73.00
https://www.whiskyshop.com/cask-treasures-secret-grain-10-year-old,Cask Treasures Secret Grain 10 Year Old,55.00
https://www.whiskyshop.com/white-heather-15-year-old,White Heather 15 Year Old,61.99
https://www.whiskyshop.com/glenallachie-8-year-old,GlenAllachie 8 Year Old,43.99
https://www.whiskyshop.com/glen-keith-25-year-old,Glen Keith 25 Year Old,350.00
https://www.whiskyshop.com/berry-bros-rudd-tullibardine-1993-954,Berry Bros. &amp; Rudd Tullibardine 1993 #954,150.00
https://www.whiskyshop.com/berry-bros-rudd-caol-ila-2010,Berry Bros. &amp; Rudd Caol Ila 2010,120.00
https://www.whiskyshop.com/caol-ila-distillers-edition-2022,Caol Ila Distillers Edition 2021,from 70.00
https://www.whiskyshop.com/black-bull-12-year-old,Black Bull 12 Year Old ,41.00
https://www.whiskyshop.com/port-charlotte-pac-01-2001,Port Charlotte Pac: 01 2011,93.00
https://www.whiskyshop.com/1770-glasgow-malt,1770 Glasgow Single Malt,50.00
https://www.whiskyshop.com/talisker-40-year-old,Talisker 40 Year Old,"2,750.00"
https://www.whiskyshop.com/macallan-12-year-old-double-cask,Macallan 12 Year Old Double Cask,75.00
https://www.whiskyshop.com/the-lost-distillery-co-lossit,The Lost Distillery Co. Lossit,52.00
https://www.whiskyshop.com/cardhu-12-year-old,Cardhu 12 Year Old,31.50
https://www.whiskyshop.com/cask-treasures-secret-campbelltown-6-year-old,Cask Treasures Secret Campbelltown 6 Year Old,60.00
https://www.whiskyshop.com/sheep-dip-blended-malt-5-year-old,Sheep Dip Blended Malt 5 Year Old,29.00
https://www.whiskyshop.com/benriach-tasting-pack,Benriach Tasting Triple Pack ,19.00
https://www.whiskyshop.com/benriach-12-year-old-tasting-set,Benriach 12 Year Old Tasting Set,14.00
https://www.whiskyshop.com/deanston-2008-oloroso-cask-matured,Deanston 2008 Oloroso Cask Matured,83.00
https://www.whiskyshop.com/glen-scotia-dunnage-tasting-pack,Glen Scotia Dunnage Tasting Pack,52.00
https://www.whiskyshop.com/benriach-the-smoke-season,Benriach Smoke Season,51.00
https://www.whiskyshop.com/lindores-the-casks-of-lindores-str-wine-barrique,Lindores The Casks of Lindores STR Wine Barrique,54.99
https://www.whiskyshop.com/the-loch-fyne-the-living-cask-batch-12,The Loch Fyne The Living Cask Batch 12,46.00
https://www.whiskyshop.com/ardbeg-1972-velier,Ardbeg 1972 VELIER,"6,995.00"
https://www.whiskyshop.com/highland-park-12-year-old,Highland Park 12 Year Old,33.00
https://www.whiskyshop.com/bunnahabhain-stiuireadair,Bunnahabhain Stiuireadair,39.00
https://www.whiskyshop.com/golf-ball-on-tee-with-tap,Golf Ball on Tee with Tap,89.00
https://www.whiskyshop.com/glenglassaugh-evolution,Glenglassaugh Evolution,46.00
https://www.whiskyshop.com/black-bottle,Black Bottle,19.00
https://www.whiskyshop.com/old-pulteney-huddart,Old Pulteney Huddart,45.00
https://www.whiskyshop.com/chivas-regal-18-year-old,Chivas Regal 18 Year Old,58.00
https://www.whiskyshop.com/the-lost-distillery-co-auchnagie,The Lost Distillery Co. Auchnagie,52.00
https://www.whiskyshop.com/dailuaine-16-year-old,Dailuaine 16 Year Old,59.00
https://www.whiskyshop.com/cardhu-15-year-old,Cardhu 15 Year Old,50.00
https://www.whiskyshop.com/pot-still-tap-and-glasses,Pot Still Decanter with Tap &amp; 2 Glasses,89.00
https://www.whiskyshop.com/berry-bros-rudd-glen-grant-1998-13214,Berry Bros. &amp; Rudd Glen Grant 1998 #13214,230.00
https://www.whiskyshop.com/glendronach-33-year-old,Glendronach 33 Year Old,"2,695.00"
https://www.whiskyshop.com/john-scott-s-superior-blend-35-year-old,John Scott’s Superior Blend 35 Year Old,750.00
https://www.whiskyshop.com/glenlivet-1949-gordon-macphail,Gordon &amp; MacPhail Glenlivet 1949 ,"3,850.00"
https://www.whiskyshop.com/loch-lomond-12yo-glass-20cl,Loch Lomond 12 Year Old &amp; Glass 20cl,20.00
https://www.whiskyshop.com/cragganmore-12-year-old-20cl,Cragganmore 12 Year Old 20cl,16.00
https://www.whiskyshop.com/benrinnes-15-year-old,Benrinnes 15 Year Old,52.00
https://www.whiskyshop.com/auchentoshan-gift-pack-3x20cl,Auchentoshan Gift Pack 3 x 20cl,71.00
https://www.whiskyshop.com/royal-salute-21-year-old-signature-blend,Royal Salute 21 Year Old Signature Blend,125.00
https://www.whiskyshop.com/mortlach-1988-33-year-old-connoisseurs-choice,Mortlach 1988 33 Year Old Connoisseurs Choice,849.99
https://www.whiskyshop.com/mossburn-auchroisk-2007-14-year-old,Mossburn Auchroisk 2007 14 Year Old,58.95
https://www.whiskyshop.com/mossburn-macduff-2007-14-year-old,Mossburn Macduff 2007 14 Year Old,72.95
https://www.whiskyshop.com/mossburn-craigellachie-2007-13-year-old,Mossburn Craigellachie 2007 13 Year Old,64.95
https://www.whiskyshop.com/highland-park-cask-strength-batch-2,Highland Park Cask Strength Release No. 2,62.00
https://www.whiskyshop.com/loch-lomond-18-year-old-20cl,Loch Lomond 18 Year Old 20cl,30.00
https://www.whiskyshop.com/loch-lomond-12-year-old-20cl,Loch Lomond 12 Year Old 20cl,18.00
https://www.whiskyshop.com/singleton-of-dufftown-25-year-old,Singleton of Dufftown 25 Year Old,330.00
https://www.whiskyshop.com/glengoyne-10-year-old,Glengoyne 10 Year Old,38.00
https://www.whiskyshop.com/bunnahabhain-30-year-old,Bunnahabhain 30 Year Old,510.00
https://www.whiskyshop.com/cardhu-11-year-old-special-releases-2020,Cardhu 11 Year Old Special Releases 2020,88.00
https://www.whiskyshop.com/jura-gift-pack-3x5cl,Jura Gift Pack 3x5cl,22.00
https://www.whiskyshop.com/kilchoman-marchir-bay,Kilchoman Machir Bay,44.00
https://www.whiskyshop.com/jura-seven-wood,Jura Seven Wood,60.00
https://www.whiskyshop.com/speyburn-10-year-old,Speyburn 10 Year Old,38.00
https://www.whiskyshop.com/rosebank-30-year-old-release-1,Rosebank 30 Year Old Release 1,"3,360.00"
https://www.whiskyshop.com/chivas-regal-12-year-old-4-5-litre,Chivas Regal 12 Year Old 4.5 Litre,219.00
https://www.whiskyshop.com/bruichladdich-29-year-old-the-kinship-1991,The Kinship Bruichladdich 29 Year Old 1991,532.00
https://www.whiskyshop.com/longmorn-1987-33-year-old-connoisseurs-choice,Longmorn 1987 33 Year Old Connoisseurs Choice,870.00
https://www.whiskyshop.com/glengoyne-12-year-old,Glengoyne 12 Year Old,42.00
https://www.whiskyshop.com/glendronach-12-year-old,GlenDronach 12 Year Old,45.00
https://www.whiskyshop.com/macallan-18-year-old-double-cask-2021,Macallan 18 Year Old Double Cask 2021,325.00
https://www.whiskyshop.com/ancnoc-18-year-old,anCnoc 18 Year Old,94.00
https://www.whiskyshop.com/johnnie-walker-gold-gift-set-2x5cl,Johnnie Walker Gold Gift Set ,54.00
https://www.whiskyshop.com/bruichladdich-the-classic-laddie-20cl,Bruichladdich The Classic Laddie 20cl,27.00
https://www.whiskyshop.com/balvenie-1971-dcs-chapter-4,Balvenie 1971 DCS Chapter 4,"20,995.00"
https://www.whiskyshop.com/dalwhinnie-15-year-old-20cl,Dalwhinnie 15 Year Old 20cl,14.00
https://www.whiskyshop.com/glen-spey-12-year-old,Glen Spey 12 Year Old ,48.00
https://www.whiskyshop.com/glenrothes-18-year-old,Glenrothes 18 Year Old,105.00
https://www.whiskyshop.com/caol-ila-moch,Caol Ila Moch,55.00
https://www.whiskyshop.com/talisker-port-ruighe,Talisker Port Ruighe,50.00
https://www.whiskyshop.com/auchentoshan-18-year-old,Auchentoshan 18 Year Old,85.00
https://www.whiskyshop.com/dalwhinnie-15-year-old,Dalwhinnie 15 Year Old,43.00
https://www.whiskyshop.com/miltonduff-1990-31-year-old-connoisseurs-choice-19440,Miltonduff 1990 31 Year Old Connoisseurs Choice #19440,750.00
https://www.whiskyshop.com/port-ellen-1981-islay-festival-2008,Port Ellen 1981 Islay Festival 2008,
https://www.whiskyshop.com/glendronach-cask-strength-batch-10,GlenDronach Cask Strength Batch 10,77.00
https://www.whiskyshop.com/glenfarclas-15-year-old-single-malt,Glenfarclas 15 Year Old,58.00
https://www.whiskyshop.com/the-octave-dalmunach-2015-6-year-old-10831766,The Octave Dalmunach 2015 6 Year Old #10831766,80.00
https://www.whiskyshop.com/black-bottle-island-smoke,Black Bottle Island Smoke,25.99
https://www.whiskyshop.com/benromach-40-year-old,Benromach 40 Year Old (2021 Release),"1,750.00"
https://www.whiskyshop.com/glengoyne-time-capsule-miniature-pack-3x5cl,Glengoyne Time Capsule Miniature Pack 3x5cl,26.00
https://www.whiskyshop.com/ardmore-1991-cask-strength-gordon-macphail,Gordon &amp; MacPhail Ardmore 1991 Cask Strength,174.00
https://www.whiskyshop.com/ledaig-10-year-old,Ledaig 10 Year Old,41.00
https://www.whiskyshop.com/auchroisk-10-year-old,Auchroisk 10 Year Old,50.00
https://www.whiskyshop.com/highland-park-1989-32-year-old-connoisseurs-choice,Highland Park 1989 32 Year Old Connoisseurs Choice,779.00
https://www.whiskyshop.com/glen-scotia-8-year-old-festival-2022,Glen Scotia 8 Year Old Campbeltown Malts Festival 2022,55.00
https://www.whiskyshop.com/the-singleton-of-dufftown-39-year-old,The Singleton of Glen Ord 39 Year Old ,"2,295.00"
https://www.whiskyshop.com/the-kinship-bunnahabhain-1989-31-year-old,The Kinship Bunnahabhain 31 Year Old 1989,496.00
https://www.whiskyshop.com/ailsa-bay-gift-pack,Ailsa Bay 1.2 Gift Set,60.00
https://www.whiskyshop.com/darkness-inchfad-13-year-old-pedro-ximinez-cask,Darkness Inchfad 13 Year Old Pedro Ximénez Cask,67.00
https://www.whiskyshop.com/strathisla-1987-33-year-old-connoisseurs-choice,Strathisla 1987 33 Year Old Connoisseurs Choice,770.00
https://www.whiskyshop.com/johnnie-walker-taster-gift-set-3x5cl,Johnnie Walker Taster Gift Set 3x5cl,12.00
https://www.whiskyshop.com/kilchoman-marchir-bay-1,Kilchoman Machir Bay Glass Set,52.00
https://www.whiskyshop.com/tobermory-2004-oloroso-cask-matured,Tobermory 2004 Oloroso Cask Matured,135.00
https://www.whiskyshop.com/bunnahabhain-19yo-wind-and-the-waves-2,Character of Islay Bunnahabhain 19 Year Old Wind &amp; Waves 2,275.00
https://www.whiskyshop.com/talisker-8-year-old-special-releases-2020,Talisker 8 Year Old Special Releases 2020,93.00
https://www.whiskyshop.com/bowmore-feis-ile-2019-cask-666,Bowmore Feis Ile 2019 Cask #666,"2,499.00"
https://www.whiskyshop.com/highland-park-40-year-old-2019-release,Highland Park 40 Year Old 2019 Release,"2,999.00"
https://www.whiskyshop.com/mortlach-13-year-old-diageo-special-release-2021,Mortlach 13 Year Old Diageo Special Release 2021 ,135.00
https://www.whiskyshop.com/glen-scotia-victoriana,Glen Scotia Victoriana,from 73.00
https://www.whiskyshop.com/aberlour-abunadh,Aberlour A'bunadh,80.00
https://www.whiskyshop.com/bowmore-18-year-old,Bowmore 18 Year Old,from 95.00
https://www.whiskyshop.com/glenturret-triple-wood-2020,Glenturret Triple Wood 2021,48.00
https://www.whiskyshop.com/blairmhor-8-year-old-35cl,Blairmhor 8 Year Old 35cl,21.00
https://www.whiskyshop.com/speyburn-15-year-old,Speyburn 15 Year Old,59.00
https://www.whiskyshop.com/gordon-macphail-mortlach-1949-51-year-old,Gordon &amp; MacPhail Mortlach 1949 51 Year Old,"3,999.00"
https://www.whiskyshop.com/deanston-2002-organic,Deanston 2002 Organic,128.00
https://www.whiskyshop.com/the-lost-distillery-co-dalaruan,The Lost Distillery Co. Dalaruan,52.00
https://www.whiskyshop.com/glenfiddich-15-year-old-solera-20cl,Glenfiddich 15 Year Old Solera 20cl,28.00
https://www.whiskyshop.com/glenkinchie-12-year-old-20cl,Glenkinchie 12 year old 20cl,16.00
https://www.whiskyshop.com/oban-14-year-old-20cl,Oban 14 Year Old 20cl,19.00
https://www.whiskyshop.com/glen-moray-18-year-old,Glen Moray 18 Year Old,74.00
https://www.whiskyshop.com/glenkinchie-12-year-old,Glenkinchie 12 Year Old,42.00
https://www.whiskyshop.com/talisker-10-year-old,Talisker 10 Year Old,43.00
https://www.whiskyshop.com/auchentoshan-12-year-old,Auchentoshan 12 Year Old,39.00
https://www.whiskyshop.com/gordon-macphail-glen-grant-1954-59-year-old,Gordon &amp; MacPhail Glen Grant 1954 59 Year Old,"2,500.00"
https://www.whiskyshop.com/compass-box-the-peat-monster,Compass Box The Peat Monster ,47.00
https://www.whiskyshop.com/the-glenlivet-12-year-old,The Glenlivet 12 Year Old,30.00
https://www.whiskyshop.com/spice-tree,Spice Tree ,49.00
https://www.whiskyshop.com/lagavulin-16-year-old,Lagavulin 16 Year Old,from 75.00
https://www.whiskyshop.com/springbank-2000-16-year-old-single-cask,Springbank 2000 16 Year Old,"1,980.00"
https://www.whiskyshop.com/strathisla-13-year-old-2008-connoisseurs-choice-uk-exclusive,Strathisla 2008 13 Year Old Connoisseurs Choice UK Exclusive 21/184,99.00
https://www.whiskyshop.com/johnnie-walker-red-gift-tin,Johnnie Walker Red Gift Tin,22.00
https://www.whiskyshop.com/caol-ila-1980-40-year-old-kinship,The Kinship Caol Ila 40 Year Old 1980,"1,500.00"
https://www.whiskyshop.com/glen-scotia-double-cask-glen-scotia-15-year-old-dual-pack,Glen Scotia Double Cask &amp; 15 Year Old 2x20cl,35.00
https://www.whiskyshop.com/dalmore-12-year-old,Dalmore 12 Year Old,55.00
https://www.whiskyshop.com/the-octave-ben-nevis-2012-9-year-old-3633067,The Octave Ben Nevis 2012 9 Year Old #3633067,95.00
https://www.whiskyshop.com/eidolon-port-ellen-1983-36-year-old,Eidolon Port Ellen 1983 36 Year Old,"2,999.00"
https://www.whiskyshop.com/benriach-12-year-old-4830,BenRiach 12 Year Old #4830 ,102.00
https://www.whiskyshop.com/bunnahabhain-2008-10yo-wind-and-the-waves-2,Character of Islay Bunnahabhain 10 Year Old Wind &amp; Waves 2,102.00
https://www.whiskyshop.com/laphroaig-lore,Laphroaig Lore,74.00
https://www.whiskyshop.com/oban-distillers-edition-2021,Oban Distillers Edition 2021,from 84.00
https://www.whiskyshop.com/benriach-10-year-old-tasting-set,Benriach 10 Year Old Tasting Set,12.00
https://www.whiskyshop.com/talisker-8-year-old-diageo-special-release-2021,Talisker 8 Year Old Diageo Special Release 2021 ,90.00
https://www.whiskyshop.com/glen-moray-mastery,Glen Moray Mastery,930.00
https://www.whiskyshop.com/compass-box-juveniles,Compass Box Juveniles,90.00
https://www.whiskyshop.com/clynelish-14-year-old-20cl,Clynelish 14 Year Old 20cl,17.00
https://www.whiskyshop.com/old-pulteney-12-year-old,Old Pulteney 12 Year Old,33.00
https://www.whiskyshop.com/johnnie-walker-director-s-blend-2011,Johnnie Walker Director's Blend 2011,"3,500.00"
https://www.whiskyshop.com/black-bottle-double-cask,Black Bottle Double Cask,25.99
https://www.whiskyshop.com/deanston-1991-muscat-cask-finish,Deanston 1991 Muscat Cask Finish,280.00
https://www.whiskyshop.com/bunnahabhain-1997-moine,Bunnahabhain 1997 Moine,380.00
https://www.whiskyshop.com/singleton-of-dufftown-15-year-old,Singleton of Dufftown 15 Year Old,50.00
https://www.whiskyshop.com/glenfiddich-21-year-old-20cl,Glenfiddich 21 Year Old 20cl,50.00
https://www.whiskyshop.com/auchentoshan-three-wood,Auchentoshan Three Wood,49.00
https://www.whiskyshop.com/glenmorangie-quinta-ruban,Glenmorangie Quinta Ruban,55.00
https://www.whiskyshop.com/caol-ila-12-year-old,Caol Ila 12 Year Old,from 45.00
https://www.whiskyshop.com/blair-athol-12-year-old,Blair Athol 12 Year Old,49.00
https://www.whiskyshop.com/balblair-2006-78-the-w-club-exclusive,Balblair 2006 #78,191.00
https://www.whiskyshop.com/chivas-regal-the-icon,Chivas Regal The Icon,"2,250.00"
https://www.whiskyshop.com/glen-scotia-double-cask-20cl,Glen Scotia Double Cask 20cl,23.00
https://www.whiskyshop.com/gordon-macphail-smith-s-glenlivet-1966-47-year-old,Gordon &amp; MacPhail Smith's Glenlivet 1966 47 Year Old,980.00
https://www.whiskyshop.com/gordon-macphail-smith-s-glenlivet-1974-34-years-old,Gordon &amp; MacPhail Smith's Glenlivet 1974 34 Years Old,670.00
https://www.whiskyshop.com/glenlivet-1979-39-year-old-cask-19236-g-m-archive,Glenlivet 1979 39 Year Old Gordon &amp; MacPhail Archive,980.00
https://www.whiskyshop.com/singleton-of-dufftown-18-year-old,Singleton of Dufftown 18 Year Old,63.00
https://www.whiskyshop.com/glen-moray-15-year-old,Glen Moray 15 Year Old,49.00
https://www.whiskyshop.com/johnnie-walker-gold-label-cracker-pack,Johnnie Walker Gold Label Cracker Pack,19.00
https://www.whiskyshop.com/loch-lomond-12-year-old-gift-pack-20cl,Loch Lomond 12 Year Old Gift Set 3x20cl,50.00
https://www.whiskyshop.com/talisker-43-year-old-xpedition-oak,Talisker 43 Year Old Xpedition Oak,"3,500.00"
https://www.whiskyshop.com/johnnie-walker-blue-label-chinese-new-year-2021-year-of-the-ox,Johnnie Walker Blue Label Chinese New Year 2021 - Year of the Ox,231.00
https://www.whiskyshop.com/bunnahabhain-toiteach-a-dha,Bunnahabhain Toiteach A Dha,44.00
https://www.whiskyshop.com/bruichladdich-the-classic-laddie-scottish-barley,Bruichladdich The Classic Laddie Scottish Barley,44.00
https://www.whiskyshop.com/highland-park-18-year-old,Highland Park 18 Year Old,105.00
https://www.whiskyshop.com/character-of-islay-premium-tasting-set-5x3cl,Character of Islay Premium Tasting Set 2021 Edition ,54.95
https://www.whiskyshop.com/benriach-malting-season,Benriach Malting Season,82.00
https://www.whiskyshop.com/glendronach-1993-26-year-old-8635-tws-exclusive,GlenDronach 1993 26 Year Old #8635 TWS Exclusive,395.00
https://www.whiskyshop.com/green-isle,Green Isle,33.00
https://www.whiskyshop.com/glenturret-15-year-old,Glenturret 15 Year Old,115.00
https://www.whiskyshop.com/glengoyne-18-year-old,Glengoyne 18 Year Old,115.00
https://www.whiskyshop.com/compass-box-flaming-heart,Compass Box Flaming Heart,125.00
https://www.whiskyshop.com/tobermory-12-year-old,Tobermory 12 Year Old,46.00
https://www.whiskyshop.com/compass-box-arcana,Compass Box Peat Monster Arcana,77.00
https://www.whiskyshop.com/compass-box-spice-tree-extravaganza,Compass Box Spice Tree Extravaganza,93.00
https://www.whiskyshop.com/deanston-2002-pinot-noir-cask,Deanston 2002 Pinot Noir Cask,105.00
https://www.whiskyshop.com/glenrothes-12-year-old,Glenrothes 12 Year Old,42.00
https://www.whiskyshop.com/johnnie-walker-gold-label-gift-pack,Johnnie Walker Gold Label Gift Pack,54.00
https://www.whiskyshop.com/caol-ila-12-year-old-20cl,Caol Ila 12 Year Old 20cl,15.00
https://www.whiskyshop.com/johnnie-walker-18-year-old-gift-set-with,Johnnie Walker 18 Year Old Gift Set,82.00
https://www.whiskyshop.com/johnnie-walker-ghost-and-rare-pittyvaich,Johnnie Walker Blue Label Ghost &amp; Rare: Pittyvaich ,275.00
https://www.whiskyshop.com/singleton-of-duffton-21-year-old,Singleton of Dufftown 21 Year Old,180.00
https://www.whiskyshop.com/monkey-shoulder,Monkey Shoulder ,28.00
https://www.whiskyshop.com/glenmorangie-original,Glenmorangie Original,37.00
https://www.whiskyshop.com/jura-18-year-old,Jura 18 Year Old,70.00
https://www.whiskyshop.com/bunnahabhain-18-year-old,Bunnahabhain 18 Year Old,from 120.00
https://www.whiskyshop.com/the-glenlivet-15-year-old,The Glenlivet 15 Year Old,44.00
https://www.whiskyshop.com/bunnahabhain-12-year-old,Bunnahabhain 12 Year Old,from 46.00
https://www.whiskyshop.com/singleton-of-dufftown-12-year-old,Singleton of Dufftown 12 Year Old,37.00
https://www.whiskyshop.com/johnnie-walker-black-label-gift-pack-with-2-highball-glass,Johnnie Walker Black Label Gift Pack with 2 Highball Glass,30.00
https://www.whiskyshop.com/darkness-strathisla-15-year-old-moscatel-cask-finish,Darkness Strathisla 15 Year Old Moscatel Cask Finish,181.00
https://www.whiskyshop.com/benromach-10-year-old,Benromach 10 Year Old,37.00
https://www.whiskyshop.com/balvenie-15-year-old-single-barrel-sherry-cask,Balvenie 15 Year Old Single Barrel Sherry Cask,140.00
https://www.whiskyshop.com/aultmore-12-year-old,Aultmore 12 Year Old,50.00
https://www.whiskyshop.com/darkness-8-year-old,Darkness 8 Year Old,48.00
https://www.whiskyshop.com/johnnie-walker-blue-label-chinese-new-year-2022-year-of-the-tiger,Johnnie Walker Blue Label Chinese New Year 2022 Year of the Tiger,195.00
https://www.whiskyshop.com/singleton-of-glendullan-19-year-old-diageo-special-release-2021,Singleton of Glendullan 19 Year Old Diageo Special Release 2021,140.00
https://www.whiskyshop.com/laphroaig-16yo-2004-first-fill-sherry-octave,The Octave Laphroaig 2004 16 Year Old,375.00
https://www.whiskyshop.com/bunnahabhain-25-year-old,Bunnahabhain 25 Year Old,365.00
https://www.whiskyshop.com/glen-scotia-double-cask,Glen Scotia Double Cask,40.00
https://www.whiskyshop.com/loch-lomond-the-english-open,Loch Lomond The English Open Sauternes Cask,88.00
https://www.whiskyshop.com/loch-lomond-british-masters,Loch Lomond British Masters Limousin Oak Cask,88.00
https://www.whiskyshop.com/loch-lomond-the-english-championship,Loch Lomond The English Championship Rum Cask,93.00
https://www.whiskyshop.com/ardbeg-10-year-old-whisky,Ardbeg 10 Year Old ,46.00
https://www.whiskyshop.com/paul-john-christmas-edition-2020,Paul John Christmas Edition 2020,72.00
https://www.whiskyshop.com/glenfiddich-fire-cane,Glenfiddich Fire &amp; Cane,44.00
https://www.whiskyshop.com/johnnie-walker-blue-label-icons-2-0,Johnnie Walker Blue Label Icons 2.0,160.00
https://www.whiskyshop.com/darkness-balmenach-18-year-old-moscatel-cask,Darkness Balmenach 18 Year Old Moscatel Cask,93.00
https://www.whiskyshop.com/glenturret-30-year-old,Glenturret 30 Year Old,"1,500.00"
https://www.whiskyshop.com/littlemill-testament-1976,Littlemill Testament 1976,"7,999.00"
https://www.whiskyshop.com/compass-box-magic-cask,Compass Box Magic Cask,163.00
https://www.whiskyshop.com/balblair-1990-connoisseurs-choice,Balblair 1990 29 Year Old Connoisseurs Choice ,640.00
https://www.whiskyshop.com/benriach-2005-14-year-old-7553,Benriach 2005 UK Exclusive Peated Rum Cask #7553,120.00
https://www.whiskyshop.com/tobermory-23-year-old,Tobermory 23 Year Old,275.00
https://www.whiskyshop.com/glengoyne-21-year-old,Glengoyne 21 Year Old,191.00
https://www.whiskyshop.com/aberlour-casg-annamh,Aberlour Casg Annamh,44.00
https://www.whiskyshop.com/ledaig-18-year-old,Ledaig 18 Year Old,80.00
https://www.whiskyshop.com/ardbeg-uigeadail,Ardbeg Uigeadail,from 63.00
https://www.whiskyshop.com/scarabus-islay-single-malt-10yo-46-70cl,Scarabus Islay 10 Year Old Single Malt ,39.99
https://www.whiskyshop.com/black-bull-21-year-old,Black Bull 21 Year Old ,115.00
https://www.whiskyshop.com/glenfiddich-40-year-old-2021,Glenfiddich 40 Year Old Release No. 16,"3,299.00"
https://www.whiskyshop.com/the-lost-distillery-co-discovery-selection-gift-pack-3x5cl,The Lost Distillery Co. Discovery Selection Gift Pack 3x5cl,26.00
https://www.whiskyshop.com/deanston-12-year-old,Deanston 12 Year Old,39.00
https://www.whiskyshop.com/tamdhu-2006-2165,Tamdhu 2006 15 Year Old #2165,250.00
https://www.whiskyshop.com/theoctave-dalmunach-2016-5-year-old-10831623,The Octave Dalmunach 2016 5 Year Old #10831623,80.00
https://www.whiskyshop.com/benromach-2012-first-fill-sherry-tws-exclusive,Benromach 2012 #350 First Fill Sherry,88.00
https://www.whiskyshop.com/bunnahabhain-12-year-old-cask-strength,Bunnahabhain 12 Year Old Cask Strength ,75.00
https://www.whiskyshop.com/glen-scotia-25-year-old,Glen Scotia 25 Year Old,495.00
https://www.whiskyshop.com/compass-box-rogues-banquet,Compass Box Rogues Banquet,191.00
https://www.whiskyshop.com/bowmore-15-year-old-glass-gift-set,Bowmore 15 Year Old Glass Gift Set,52.00
https://www.whiskyshop.com/glen-moray-rhum-agricole,Glen Moray Rhum Agricole,61.00
https://www.whiskyshop.com/darkness-caperdonich-24-year-old-pedro-ximinez-cask,Darkness Caperdonich 24 Year Old Pedro Ximinez Cask,346.00
https://www.whiskyshop.com/benriach-2005-uk-exclusive-pedro-ximenez-cask-5278,Benriach 2005 UK Exclusive Pedro Ximenez Cask #5278,105.00
https://www.whiskyshop.com/johnnie-walker-sweet-peat,Johnnie Walker Sweet Peat,31.00
https://www.whiskyshop.com/johnnie-walker-gold-label-reserve,Johnnie Walker Gold Label Reserve,45.00
https://www.whiskyshop.com/arran-10-year-old,Arran 10 Year Old,39.00
https://www.whiskyshop.com/glenmorangie-nectar-d-or,Glenmorangie Nectar d'Or,59.00
https://www.whiskyshop.com/ancnoc-12-year-old,anCnoc 12 Year Old,32.00
https://www.whiskyshop.com/the-octave-dalmunach-2016,The Octave Dalmunach 2016 5 Year Old #10821726,67.00
https://www.whiskyshop.com/cardhu-14-year-old-diageo-special-release-2021,Cardhu 14 Year Old Diageo Special Release 2021,120.00
https://www.whiskyshop.com/bowmore-18yo-2002-wind-and-the-waves-2,Character of Islay Bowmore 18 Year Old Wind &amp; Waves 2,275.00
https://www.whiskyshop.com/glenkeir-treasures-secret-islay,Glenkeir Treasures Secret Islay,55.00
https://www.whiskyshop.com/dalmore-cigar-malt,Dalmore Cigar Malt,82.00
https://www.whiskyshop.com/bowmore-12-year-old,Bowmore 12 Year Old,from 37.00
https://www.whiskyshop.com/fettercairn-22-year-old,Fettercairn 22 Year Old,170.00
https://www.whiskyshop.com/mortlach-20-year-old-cowie-s-blue-seal,Mortlach 20 Year Old Cowie's Blue Seal,199.00
https://www.whiskyshop.com/dalmore-15-year-old,Dalmore 15 Year Old,89.00
https://www.whiskyshop.com/rare-find-tranquillity-1985-highland-single-malt,Rare Find Tranquillity 1985 Highland Single Malt,395.00
https://www.whiskyshop.com/caol-ila-35-year-old-golden-cask,Golden Cask Caol Ila 35 Year Old,670.00
https://www.whiskyshop.com/loch-lomond-the-uk-championship,Loch Lomond The UK Championship Tawny Port Cask,93.00
https://www.whiskyshop.com/bowmore-15-year-old,Bowmore 15 Year Old,from 62.00
https://www.whiskyshop.com/the-loch-fyne-chocolate-orange-liqueur,The Loch Fyne Chocolate &amp; Orange Liqueur,30.00
https://www.whiskyshop.com/1770-peated-no-1,1770 Glasgow Peated,50.00
https://www.whiskyshop.com/ardbeg-corryvreckan,Ardbeg Corryvreckan,76.00
https://www.whiskyshop.com/black-bottle-10-year-old,Black Bottle 10 Year Old,26.00
https://www.whiskyshop.com/fettercairn-46-year-old,Fettercairn 46 Year Old,"8,500.00"
https://www.whiskyshop.com/glenallachie-15-year-old,GlenAllachie 15 Year Old,67.00
https://www.whiskyshop.com/talisker-41-year-old,Talisker 41 Year Old,"2,900.00"
https://www.whiskyshop.com/bunnahabhain-1980-canasta-cask-finish,Bunnahabhain 1980 Canasta Cask Finish,"1,800.00"
https://www.whiskyshop.com/dalmore-port-wood-reserve,Dalmore Port Wood Reserve,69.00
https://www.whiskyshop.com/deanston-virgin-oak,Deanston Virgin Oak,36.00
https://www.whiskyshop.com/glen-moray-12-year-old,Glen Moray 12 Year Old,37.00
https://www.whiskyshop.com/ancnoc-2009-limited-release,anCnoc 2009 Limited Release ,49.95
https://www.whiskyshop.com/gordon-macphail-linkwood-25-year-old-distillery-label,Gordon &amp; MacPhail Linkwood 25 Year Old Distillery Label,207.00
https://www.whiskyshop.com/glenturret-12-year-old,Glenturret 12 Year Old,65.00
https://www.whiskyshop.com/benrinnes-1990-30-year-old-connoisseurs-choice,Benrinnes 1990 30 Year Old Connoisseurs Choice,505.00
https://www.whiskyshop.com/aberlour-14-year-old-double-cask,Aberlour 14 Year Old Double Cask ,54.00
https://www.whiskyshop.com/benromach-21-year-old,Benromach 21 Year Old,130.00
https://www.whiskyshop.com/bowmore-18-year-old-wind-waves-11714,Character of Islay Bowmore 18 Year Old Wind &amp; Waves #11714,305.00
https://www.whiskyshop.com/balvenie-the-week-of-peat-14-year-old,Balvenie The Week of Peat 14 Year Old,71.00
https://www.whiskyshop.com/balblair-15-year-old,Balblair 15 Year Old,75.00
https://www.whiskyshop.com/jura-1988,Jura 1988,670.00
https://www.whiskyshop.com/old-pulteney-18-year-old,Old Pulteney 18 Year Old,118.00
https://www.whiskyshop.com/macallan-m-black,Macallan M Black,"8,000.00"
https://www.whiskyshop.com/jura-12-year-old,Jura 12 Year Old,35.00
https://www.whiskyshop.com/glen-scotia-18-year-old,Glen Scotia 18 Year Old,110.00
https://www.whiskyshop.com/lindores-abbey-the-casks-of-lindores-bourbon,Lindores Abbey The Casks of Lindores Bourbon,55.00
https://www.whiskyshop.com/macallan-30-year-old-double-cask-2021,Macallan 30 Year Old Double Cask 2021,"4,999.00"
https://www.whiskyshop.com/glen-moray-warehouse-1-1998-barolo-finish,Glen Moray Warehouse 1 1998 Barolo Finish ,145.00
https://www.whiskyshop.com/darkness-glenrothes-12-year-old-oloroso-cask-finish-61-3-50cl,Darkness Glenrothes 12 Year Old Oloroso Cask Finish ,65.00
https://www.whiskyshop.com/darkness-campbeltown-6-year-old-oloroso-cask-finish,Darkness Campbeltown 6 Year Old Oloroso Cask Finish,58.00
https://www.whiskyshop.com/tamdhu-12-year-old,Tamdhu 12 Year Old,46.00
https://www.whiskyshop.com/loch-lomond-14-year-old,Loch Lomond 14 Year Old,57.00
https://www.whiskyshop.com/dalmore-king-alexander-iii,Dalmore King Alexander III,199.00
https://www.whiskyshop.com/the-octave-an-iconic-speyside-2010-11-year-old-2933337,The Octave An Iconic Speyside 2010 11 Year Old #2933337,99.00
https://www.whiskyshop.com/the-octave-glengarioch-2012-10-year-old-4633187,The Octave Glengarioch 2012 10 Year Old #4633187,99.00
https://www.whiskyshop.com/the-octave-highland-park-2008-13-year-old-5032247,The Octave Highland Park 2008 13 Year Old #5032247,135.00
https://www.whiskyshop.com/murray-mcdavid-linkwood-2008-13-year-old,Murray McDavid Linkwood 2008 13 Year Old ,105.00
https://www.whiskyshop.com/johnnie-walker-black-label-gift-pack,Johnnie Walker Black Label Gift Pack,33.00
https://www.whiskyshop.com/the-lost-distillery-co-gift-pack,Lost Distillery Co. Gift Pack,37.00
https://www.whiskyshop.com/aerolite-lyndsay-islay-10-year-old,Aerolite Lyndsay Islay 10 Year Old,38.00
https://www.whiskyshop.com/glenturret-30-year-old-platinum-old-rare,Glenturret 30 Year Old Platinum Old &amp; Rare,465.00
https://www.whiskyshop.com/the-loch-fyne-blend-5cl,The Loch Fyne Blend 5cl,7.00
https://www.whiskyshop.com/dalmore-12-year-old-sherry-cask,Dalmore 12 Year Old Sherry Cask Select,71.00
https://www.whiskyshop.com/amrut,Amrut,57.00
https://www.whiskyshop.com/balvenie-the-sweet-toast-of-american-oak-12-year-old,Balvenie The Sweet Toast of American Oak 12 Year Old,47.00
https://www.whiskyshop.com/glenallachie-9-year-old-rye-cask-finish,GlenAllachie 9 Year Old Rye Cask Finish,53.00
https://www.whiskyshop.com/jura-1989,Jura 1989,620.00
https://www.whiskyshop.com/glenfiddich-grande-couronne-26-year-old,Glenfiddich Grande Couronne 26 Year Old,450.00
https://www.whiskyshop.com/balblair-12-year-old,Balblair 12 Year Old,45.00
https://www.whiskyshop.com/fettercairn-40-year-old,Fettercairn 40 Year Old,"3,000.00"
https://www.whiskyshop.com/old-pulteney-15-year-old,Old Pulteney 15 Year Old,70.00
https://www.whiskyshop.com/octomore-12-1,Octomore 12.1,124.95
https://www.whiskyshop.com/magnum-ardbeg-1991-30-year-old,Old &amp; Rare Magnum Ardbeg 1991 30 Year Old 1.5L,"3,999.00"
https://www.whiskyshop.com/bunnahabhain-1990-28-year-old-boat-captains-brew,Wemyss Malts Bunnahabhain 1990 28 Year Old Boat Captain's Brew,246.00
https://www.whiskyshop.com/johnnie-walker-red-label,Johnnie Walker Red Label,20.00
https://www.whiskyshop.com/johnnie-walker-black-label,Johnnie Walker Black Label,28.00
https://www.whiskyshop.com/inchmurrin-12-year-old,Loch Lomond Inchmurrin 12 Year Old,40.00
https://www.whiskyshop.com/glen-scotia-seasonal-release-2021,Glen Scotia 12 Year Old Seasonal Release 2021,74.99
https://www.whiskyshop.com/glenglassaugh-10-year-old-cask-2140,Glenglassaugh 10 Year Old Cask #2140 ,91.00
https://www.whiskyshop.com/glenkeir-treasure-coimeasgadh-blended-malt,GlenKeir Treasures Coimeasgadh Blended Malt,55.00
https://www.whiskyshop.com/loch-lomond-20-year-old-open-course-collection-royal-st-georges,Loch Lomond 20 Year Old Open Course Collection Royal St George’s,166.00
https://www.whiskyshop.com/johnnie-walker-blue-label,Johnnie Walker Blue Label,from 155.00
https://www.whiskyshop.com/oban-13-year-old-diageo-special-release-2021-56-2,Oban 12 Year Old Diageo Special Release 2021 ,105.00
https://www.whiskyshop.com/benriach-25-year-oldd,Benriach 25 Year Old The Twenty Five,312.00
https://www.whiskyshop.com/benriach-the-twelve,Benriach The Twelve,42.00
https://www.whiskyshop.com/glenallachie-12-year-old,GlenAllachie 12 Year Old,48.00
https://www.whiskyshop.com/paul-john-bold,Paul John Bold,41.00
https://www.whiskyshop.com/benriach-the-smoky-twelve,Benriach The Smoky Twelve,46.00
https://www.whiskyshop.com/penderyn-gift-pack,Penderyn Gift Pack,15.00
https://www.whiskyshop.com/the-singleton-of-glen-ord-38-year-old-epicurean-odyssey,The Singleton of Glen Ord 38 Year Old Epicurean Odyssey,"2,100.00"
https://www.whiskyshop.com/balblair-18-year-old,Balblair 18 Year Old,127.00
https://www.whiskyshop.com/ailsa-bay-1-2,Ailsa Bay 1.2 Sweet Smoke,56.00
https://www.whiskyshop.com/laphroaig-10-year-old-cask-strength-2021,Laphroaig 10 Year Old Cask Strength 2021 Batch 14,76.00
https://www.whiskyshop.com/johnnie-walker-blue-label-200th-anniversary,Johnnie Walker Blue Label 200th Anniversary,215.00
https://www.whiskyshop.com/inchmoan-12-year-old,Loch Lomond Inchmoan 12 Year Old,40.00
https://www.whiskyshop.com/kingsbarns-dream-to-dram,Kingsbarns Dream to Dram,50.00
https://www.whiskyshop.com/glenkeir-treasures-twin-casks-secret-highland-11-year-old,Glenkeir Treasures Twin Casks Secret Highland 11 Year Old,70.00
https://www.whiskyshop.com/benriach-original-ten,Benriach The Original Ten,37.00
https://www.whiskyshop.com/johnnie-walker-18-year-old,Johnnie Walker 18 Year Old,70.00
https://www.whiskyshop.com/bruichladdich-the-classic-laddie-scottish-barley-gift-pack,Bruichladdich The Classic Laddie Scottish Barley Gift Pack,50.00
https://www.whiskyshop.com/nikka-coffey-grain,Nikka Coffey Grain,57.00
https://www.whiskyshop.com/benriach-2009-11-year-old-cask-4833-batch-17,BenRiach 2009 11 Year Old Cask #4833 Batch 17 ,90.00
https://www.whiskyshop.com/royal-lochnagar-16-year-old-diageo-special-release-2021,Royal Lochnagar 16 Year Old Diageo Special Release 2021 ,200.00
https://www.whiskyshop.com/glen-scotia-double-cask-glass-20cl,Glen Scotia Double Cask &amp; Glass 20cl,21.00
https://www.whiskyshop.com/benchmark-bourbon,Benchmark Bourbon,17.00
https://www.whiskyshop.com/benriach-21-year-old-the-twenty-one,Benriach 21 Year Old The Twenty One,138.00
https://www.whiskyshop.com/few-bourbon-whiskey,FEW Bourbon Whiskey,52.00
https://www.whiskyshop.com/old-pulteney-25-year-old-2019,Old Pulteney 25 Year Old - 2019,399.00
https://www.whiskyshop.com/catalog/product/view/id/7899/s/benriach-smoky-ten/category/243/,Benriach The Smoky Ten,40.00
https://www.whiskyshop.com/mellow-corn,Mellow Corn,34.00
https://www.whiskyshop.com/balvenie-the-edge-of-burnhead-wood-19-year-old,Balvenie The Edge of Burnhead Wood 19 Year Old,265.00
https://www.whiskyshop.com/balblair-25-year-old,Balblair 25 Year Old,499.00
https://www.whiskyshop.com/benromach-cask-strength-2009,Benromach Cask Strength 2009,57.00
https://www.whiskyshop.com/glencairn-iona-decanter,Glencairn Iona Decanter ,125.00
https://www.whiskyshop.com/johnnie-walker-black-label-gift-tin,Johnnie Walker Black Label Gift Tin,22.50
https://www.whiskyshop.com/loch-lomond-18-year-old,Loch Lomond 18 Year Old,from 85.00
https://www.whiskyshop.com/bushmills-2001-feuillette-cask-finish-the-causeway-collection-private-collection,Bushmills 2001 Feuillette Cask Finish The Causeway Collection,"1,395.00"
https://www.whiskyshop.com/hibiki-21-year-old-kacho-fugetsu-limited-edition,Hibiki 21 Year Old Kacho Fugetsu Limited Edition,"2,160.00"
https://www.whiskyshop.com/glenburgie-1995-25-year-old-connoisseurs-choice-tws-exclusive,Glenburgie 1995 25 Year Old Connoisseurs Choice,285.00
https://www.whiskyshop.com/jim-beam-red-stag,Jim Beam Red Stag,19.00
https://www.whiskyshop.com/high-west-whiskey-campfire,High West Whiskey Campfire,68.00
https://www.whiskyshop.com/rabbit-hole-heigold-kentucky-straight-bourbon,Rabbit Hole Heigold Kentucky Straight Bourbon ,51.00
https://www.whiskyshop.com/jim-beam-honey,Jim Beam Honey,19.00
https://www.whiskyshop.com/kentucky-owl-confiscated,Kentucky Owl Confiscated,110.00
https://www.whiskyshop.com/mars-tsunuki-peated,Mars Tsunuki Peated,181.00
https://www.whiskyshop.com/four-roses-original,Four Roses Bourbon,24.00
https://www.whiskyshop.com/the-irishman-single-malt,The Irishman Single Malt,35.00
https://www.whiskyshop.com/high-west-whiskey-prairie,High West Whiskey American Prairie Bourbon,49.00
https://www.whiskyshop.com/evan-williams-extra-aged,Evan Williams Bourbon,29.00
https://www.whiskyshop.com/jim-beam,Jim Beam,19.00
https://www.whiskyshop.com/bulleit-bourbon,Bulleit Bourbon,30.00
https://www.whiskyshop.com/bulleit-rye,Bulleit Rye,48.00
https://www.whiskyshop.com/kentucky-owl-batch-10,Kentucky Owl Batch 10,225.00
https://www.whiskyshop.com/larceny-92-proof-kentucky-straight-bourbon-whiskey,Larceny 92 Proof,48.00
https://www.whiskyshop.com/four-roses-single-barrel,Four Roses Single Barrel,45.00
https://www.whiskyshop.com/elijah-craig-small-batch,Elijah Craig Small Batch,46.00
https://www.whiskyshop.com/jack-daniel-s-family-mini-pack-3-x-5cl,Jack Daniel's Family Mini Pack 3 x 5cl,13.00
https://www.whiskyshop.com/michter-s-rye,Michter's Rye,54.00
https://www.whiskyshop.com/woodford-reserve-rye,Woodford Reserve Rye,33.00
https://www.whiskyshop.com/kentucky-owl-st-patricks,Kentucky Owl St.Patricks,120.00
https://www.whiskyshop.com/proper-no-twelve,Proper No. Twelve (12),30.00
https://www.whiskyshop.com/paul-john-peated,Paul John Peated,70.00
https://www.whiskyshop.com/jameson,Jameson Irish Whiskey,24.00
https://www.whiskyshop.com/michter-s-us-number-1-unblended,Michter's US Number 1 Unblended,54.00
https://www.whiskyshop.com/michter-s-us-number-1-rye,Michter's US Number 1 Rye,54.00
https://www.whiskyshop.com/michter-s-us-number-1-bourbon,Michter's US Number 1 Bourbon ,54.00
https://www.whiskyshop.com/midleton-very-rare-2022,Midleton Very Rare 2022,295.00
https://www.whiskyshop.com/tobermory-24-year-old,Tobermory 24 Year Old,320.00
https://www.whiskyshop.com/green-spot,Green Spot,43.00
https://www.whiskyshop.com/rabbit-hole-boxergrail-kentucky-straight-rye,Rabbit Hole Boxergrail Kentucky Straight Rye,46.00
https://www.whiskyshop.com/mars-malted-cosmo-wine-cask-finish,Mars Malted Cosmo Wine Cask Finish,87.00
https://www.whiskyshop.com/redbreast-15-year-old,Redbreast 15 Year Old,79.00
https://www.whiskyshop.com/gullivers-england-no-6,Gullivers England's No.6,69.00
https://www.whiskyshop.com/slane-40th-anniversary,Slane Special Edition 40th Anniversary,36.00
https://www.whiskyshop.com/dunvilles-px-12-year-old,Dunvilles PX 12 year Old,99.00
https://www.whiskyshop.com/jack-daniel-s-holiday-select-2014,Jack Daniel's Holiday Select 2014 ,175.00
https://www.whiskyshop.com/12-dram-tequila-mezcal-collection-2021,12 Dram Tequila &amp; Mezcal Collection 2021,46.00
https://www.whiskyshop.com/makers-mark-cask-strength,Maker's Mark Cask Strength,70.00
https://www.whiskyshop.com/bourbon-american-whiskey-advent-calendar-2021-edition,The Bourbon &amp; American Whiskey Advent Calendar (2021 Edition) ,104.99
https://www.whiskyshop.com/penderyn-peated,Penderyn Peated,40.00
https://www.whiskyshop.com/jack-daniel-s-sour-mash-legacy-edition,Jack Daniel's Sour Mash Legacy Edition,33.00
https://www.whiskyshop.com/penderyn-portwood,Penderyn Portwood,58.00
https://www.whiskyshop.com/jack-daniels-tennessee-honey,Jack Daniel's Tennessee Honey,22.00
https://www.whiskyshop.com/berry-bros-rudd-kyro-2016-16037,Berry Bros. &amp; Rudd Kyro 2016 #16037,150.00
https://www.whiskyshop.com/berry-bros-rudd-penderyn-2013-7526,Berry Bros. &amp; Rudd Penderyn 2013 #7526,120.00
https://www.whiskyshop.com/michter-s-us-number-1-sour-mash,Michter's US Number 1 Sour Mash,54.00
https://www.whiskyshop.com/bookers-batch-2021-donohue,Booker’s Donohoe’s Batch (2021-01E),93.00
https://www.whiskyshop.com/amrut-fusion,Amrut Fusion ,55.00
https://www.whiskyshop.com/knob-creek-rye,Knob Creek Rye,44.00
https://www.whiskyshop.com/penderyn-glass-pack-2x5cl,Penderyn Glass Pack 2x5cl,15.00
https://www.whiskyshop.com/taketsuru,TAKETSURU,85.00
https://www.whiskyshop.com/southern-comfort-black,Southern Comfort Black,25.00
https://www.whiskyshop.com/woodford-reserve-classic-malt,Woodford Reserve Classic Malt,140.00
https://www.whiskyshop.com/yamazaki-distiller-s-reserve,Yamazaki Distiller's Reserve,70.00
https://www.whiskyshop.com/four-roses-small-batch,Four Roses Small Batch,32.00
https://www.whiskyshop.com/evan-williams-single-barrel-vintage-2010,Evan Williams Single Barrel Vintage 2012,49.00
https://www.whiskyshop.com/buffalo-trace-cream,Buffalo Trace Bourbon Cream,18.00
https://www.whiskyshop.com/johnnie-walker-18-year-old-glass-gift-set,Johnnie Walker 18 Year Old Glass Gift Set,75.00
https://www.whiskyshop.com/woodford-reserve,Woodford Reserve,34.00
https://www.whiskyshop.com/jim-beam-double-oak,Jim Beam Double Oak,25.00
https://www.whiskyshop.com/the-chita,The Chita,50.00
https://www.whiskyshop.com/the-lakes-whiskymakers-reserve-no-5,The Lakes Whiskymaker's Reserve No.5,70.00
https://www.whiskyshop.com/berry-bros-rudd-myken-2017-15,Berry Bros. &amp; Rudd Myken 2017 #15,150.00
https://www.whiskyshop.com/berry-bros-rudd-lark-2016-1244,Berry Bros. &amp; Rudd Lark 2016 #1244,250.00
https://www.whiskyshop.com/yoichi,Yoichi,76.00
https://www.whiskyshop.com/tullamore-dew-12-year-old-special-reserve,Tullamore DEW 12 Year Old Special Reserve,59.00
https://www.whiskyshop.com/yamazaki-12-year-old,Yamazaki 12 Year Old,160.00
https://www.whiskyshop.com/hakushu-distiller-s-reserve,Hakushu Distiller's Reserve,67.00
https://www.whiskyshop.com/redbreast-12-year-old-birdfeeder-gift-pack,Redbreast 12 Year Old Birdfeeder Gift Pack ,60.00
https://www.whiskyshop.com/bimber-12-year-old-apogee-xii,Bimber Apogee XII 12 Year Old,60.00
https://www.whiskyshop.com/penderyn-sherrywood,Penderyn Sherrywood,44.00
https://www.whiskyshop.com/woodford-reserve-old-fashioned-cocktail-syrup-gift-set,Woodford Reserve Old Fashioned Cocktail Syrup Gift Set,35.00
https://www.whiskyshop.com/jack-daniel-s-single-barrel-rye,Jack Daniel's Single Barrel Rye,57.00
https://www.whiskyshop.com/roku-gin,ROKU Gin,29.00
https://www.whiskyshop.com/nikka-tailored,Nikka Tailored,110.00
https://www.whiskyshop.com/high-west-whiskey-rendezvous,High West Whiskey Rendezvous Rye,76.00
https://www.whiskyshop.com/jack-daniels-sinatra-select,Jack Daniel's Sinatra Select,150.00
https://www.whiskyshop.com/the-sexton,The Sexton,26.00
https://www.whiskyshop.com/sazerac-straight-rye,Sazerac Rye,44.00
https://www.whiskyshop.com/jack-daniels-single-barrel-nosing-glass-set,Jack Daniel's Single Barrel Nosing Glass Set,55.00
https://www.whiskyshop.com/writers-tears-copper-pot,Writers' Tears Copper Pot,35.00
https://www.whiskyshop.com/paul-john-classic-select-cask,Paul John Classic Select Cask,66.00
https://www.whiskyshop.com/booker-s-little-book-batch-1-the-easy-2017-release,Booker's Little Book Batch #1 The Easy 2017 Release,520.00
https://www.whiskyshop.com/darkness-irish-single-malt-14-year-old-oloroso-cask,Darkness Irish Single Malt 14 Year Old Oloroso Cask,103.00
https://www.whiskyshop.com/12-drams-of-christmas-2021-edition,12 Drams of Christmas 2021 Edition,69.00
https://www.whiskyshop.com/redbreast-12-year-old,Redbreast 12 Year Old,55.00
https://www.whiskyshop.com/the-one-sherry-cask-limited-edition,The ONE Sherry Cask Limited Edition,50.00
https://www.whiskyshop.com/jack-daniels-old-no-7,Jack Daniel's Old No. 7,25.00
https://www.whiskyshop.com/jack-daniels-old-no-7-35cl,Jack Daniel's Old No. 7 35cl,15.00
https://www.whiskyshop.com/hatozaki-pure-malt-japanese,Hatozaki Pure Malt,48.00
https://www.whiskyshop.com/westland-garryana-2020,Westland Garryana 2020 Edition,165.00
https://www.whiskyshop.com/the-lakes-pink-grapefruit-gin,The Lakes Pink Grapefruit Gin ,34.00
https://www.whiskyshop.com/starward-unexpeated,Starward Unexpeated ,89.00
https://www.whiskyshop.com/bushmills-american-oak,Bushmills American Oak Cask Finish,26.00
https://www.whiskyshop.com/knob-creek-9-years-old,Knob Creek 9 Years Old,35.00
https://www.whiskyshop.com/bushmills-1992-cognac-cask-28-year-old-the-causeway-collection,Bushmills 1992 Cognac Cask 28 Year Old The Causeway Collection,"1,495.00"
https://www.whiskyshop.com/teeling-stout-cask-finish,Teeling Stout Cask Finish,41.00
https://www.whiskyshop.com/jack-daniels-tennessee-rye,Jack Daniel’s Tennessee Rye,30.00
https://www.whiskyshop.com/jack-daniels-tennessee-fire,Jack Daniel's Tennessee Fire,22.00
https://www.whiskyshop.com/bushmills-black-bush-gift-box,Bushmills Black Bush Gift Box,28.00
https://www.whiskyshop.com/milk-honey-sherrywood,Milk &amp; Honey Sherrywood,52.00
https://www.whiskyshop.com/jack-daniels-single-barrel-select-gift-tin,Jack Daniel's Single Barrel Select Gift Tin,45.00
https://www.whiskyshop.com/yellow-spot,Yellow Spot,72.00
https://www.whiskyshop.com/legent-bourbon,Legent Bourbon,48.00
https://www.whiskyshop.com/bushmills-16-year-old,Bushmills 16 Year Old,88.00
https://www.whiskyshop.com/bushmills-10-year-old,Bushmills 10 Year Old,37.00
https://www.whiskyshop.com/golfer-and-ball,Golfer and Ball,72.00
https://www.whiskyshop.com/jack-daniels-tennessee-apple,Jack Daniel's Tennessee Apple,22.00
https://www.whiskyshop.com/bushmills-the-original-gift-box,Bushmills The Original Gift Box,24.00
https://www.whiskyshop.com/tincup-american-whiskey,Tincup American Whiskey,32.00
https://www.whiskyshop.com/waterford-sheestown-1-1,Waterford Sheestown 1.1,72.00
https://www.whiskyshop.com/blantons-original-single-barrel-70cl,Blanton's Original Single Barrel,105.00
https://www.whiskyshop.com/tullamore-dew-xo-caribbean-cask-finish,Tullamore DEW XO Caribbean Cask Finish,26.00
https://www.whiskyshop.com/tullamore-dew-14-year-old,Tullamore DEW 14 Year Old,55.00
https://www.whiskyshop.com/karuizawa-1981-31-year-old-single-cask-78-prendre-le-rythme,Karuizawa 1981 31 Year Old Single Cask #78 Prendre Le Rythme,
https://www.whiskyshop.com/writers-tears-red-head,Writers' Tears Red Head,54.00
https://www.whiskyshop.com/the-one-orange-wine-cask-finish,The One Orange Wine Cask Finish,49.00
https://www.whiskyshop.com/yamazaki-18-year-old,Yamazaki 18 Year Old,"1,200.00"
https://www.whiskyshop.com/roe-co,Roe &amp; Co.,31.00
https://www.whiskyshop.com/pot-still-decanter-glasses,Pot Still Decanter &amp; Glasses,46.00
https://www.whiskyshop.com/woodford-reserve-wheat,Woodford Reserve Wheat,37.00
https://www.whiskyshop.com/waterford-ballymorgan-1-1,Waterford Ballymorgan 1.1,72.00
https://www.whiskyshop.com/jack-daniels-master-distiller-no-6,Jack Daniel's Master Distiller No.6,35.00
https://www.whiskyshop.com/milk-honey-classic,Milk &amp; Honey Classic,45.00
https://www.whiskyshop.com/waterford-bannow-island-1-2,Waterford Bannow Island 1.2,72.00
https://www.whiskyshop.com/dingle-single-malt-batch-5,Dingle Single Malt Batch 5,74.00
https://www.whiskyshop.com/nikka-days-glass-pack,Nikka Days Glass Pack,50.00
https://www.whiskyshop.com/kavalan-selection-port-cask,Kavalan Selection Port Cask,201.00
https://www.whiskyshop.com/powers-johns-lane,Powers John's Lane 12 Year Old,52.00
https://www.whiskyshop.com/jack-daniels-legacy,Jack Daniel's Old No. 7 Legacy Edition 2,33.00
https://www.whiskyshop.com/slane-irish-whiskey,Slane Irish Whiskey,18.00
https://www.whiskyshop.com/heroes-and-heretics-stateside-8-year-old,Heroes and Heretics Stateside 8 Year Old George Dickel,105.00
https://www.whiskyshop.com/peaky-blinder-whiskey,Peaky Blinder Whiskey,23.00
https://www.whiskyshop.com/octomore-12-2,Octomore 12.2,159.99
https://www.whiskyshop.com/waterford-ballykilcaven-1-2,Waterford Ballykilcaven 1.2,72.00
https://www.whiskyshop.com/paul-john-kanya,Paul John Kanya,191.00
https://www.whiskyshop.com/nikka-from-the-barrel-2-glass-and-speed-pourer-pack,Nikka from the Barrel 2 Glass and Speed Pourer Pack,55.00
https://www.whiskyshop.com/belgrove-4-year-old-rye-australia-series-that-boutique-y-rye-company,Belgrove 4 Year Old Rye Australia Series That Boutique-y Rye Company,145.00
https://www.whiskyshop.com/bushmills-21-year-old,Bushmills 21 Year Old,190.00
https://www.whiskyshop.com/kavalan-concertmaster,Kavalan Concertmaster,50.00
https://www.whiskyshop.com/whistlepig-15-year-old,WhistlePig 15 Year Old,225.00
https://www.whiskyshop.com/paul-john-pedro-ximenez-select-cask,Paul John Pedro Ximenez Select Cask,70.00
https://www.whiskyshop.com/paul-john-oloroso-select-cask,Paul John Oloroso Select Cask,70.00
https://www.whiskyshop.com/alfred-giraud-harmonie,Alfred Giraud Harmonie,171.00
https://www.whiskyshop.com/bushmills-1991-causeway-madeira,Bushmills 1991 Madeira Cask ,695.00
https://www.whiskyshop.com/kavalan-vinho-barrique,Kavalan Selection Vinho Cask,232.00
https://www.whiskyshop.com/rittenhouse-rye,Rittenhouse Rye,44.00
https://www.whiskyshop.com/haku-vodka,Haku Vodka,31.00
https://www.whiskyshop.com/smooth-ambler-old-scout-american-whiskey,Smooth Ambler Old Scout American Whiskey,88.00
https://www.whiskyshop.com/wheatley-vodka,Wheatley Vodka,24.00
https://www.whiskyshop.com/gulliver-s-47,Gulliver's 47,61.00
https://www.whiskyshop.com/starward-single-barrel-red-wine-barrique,Starward Single Barrel Red Wine Barrique ,93.00
https://www.whiskyshop.com/eagle-rare,Eagle Rare,39.00
https://www.whiskyshop.com/bushmills-2000-port-1st-fill-causeway-collection,Bushmills 2000 1st Fill Port Cask,260.00
https://www.whiskyshop.com/roku-gin-20cl,ROKU Gin 20cl,13.00
https://www.whiskyshop.com/the-loch-fyne-gift-builder,The Loch Fyne Gift Box Pick 'n' Mix,from 38.00
https://www.whiskyshop.com/fettercairn-50-year-old,Fettercairn 50 Year Old,"17,995.00"
https://www.whiskyshop.com/whistlepig-farmstock-rye-crop-no-3,WhistlePig FarmStock Rye Crop No. 003,93.00
https://www.whiskyshop.com/whisky-works-glaswegian-29-year-old,Whisky Works Glaswegian 29 Year Old,135.00
https://www.whiskyshop.com/12-drams-of-christmas,12 Drams of Christmas - Whisky Selection Box 2020,69.00
https://www.whiskyshop.com/balvenie-50-year-old-cask-0614,Balvenie 50 Year Old Marriage #0614,"34,250.00"
https://www.whiskyshop.com/singleton-54-year-old,The Singleton 54 Year Old Paragon of Time II,"28,850.00"
https://www.whiskyshop.com/glenfarclas-1960,Glenfarclas 1960,"4,400.00"
https://www.whiskyshop.com/bruichladdich-1985-32-year-old,Bruichladdich 1985 32 Year Old,720.00
https://www.whiskyshop.com/mortlach-8-year-old-glenkeir-treasure,Mortlach 8 year old GlenKeir Treasure,45.00
https://www.whiskyshop.com/bruichladdich-1984-32-year-old,Bruichladdich 1984 32 Year Old,720.00
https://www.whiskyshop.com/macallan-1938-31-year-old-fine-rare,Macallan 1938 31 Year Old Fine &amp; Rare,"42,500.00"
https://www.whiskyshop.com/macallan-1947-15-year-old-fine-rare,Macallan 1947 15 Year Old Fine &amp; Rare,"34,000.00"
https://www.whiskyshop.com/old-malt-cask-tamdhu-8-year-old-20cl,Old Malt Cask Tamdhu 8 Year Old 20cl,31.00
https://www.whiskyshop.com/invergordon-50-year-old-the-sovereign,Invergordon 50 Year Old The Sovereign,879.00
https://www.whiskyshop.com/oban-21-year-old-2018-special-release,Oban 21 Year Old 2018 Special Release,460.00
https://www.whiskyshop.com/old-malt-cask-craigellachie-20-year-old-20cl,Old Malt Cask Craigellachie 20 Year Old 20cl,59.00
https://www.whiskyshop.com/glenrothes-1976,Glenrothes 1976,"1,000.00"
https://www.whiskyshop.com/glenkeir-treasures-fettercairn-8-year-old,Glenkeir Treasures Fettercairn 8 Year Old ,40.00
https://www.whiskyshop.com/glenkeir-treasures-speyburn-10-year-old-20cl,Glenkeir Treasures Speyburn 10 Year Old 10cl,13.00
https://www.whiskyshop.com/glenmorangie-grand-vintage-malt-1993,Glenmorangie Grand Vintage Malt 1993,670.00
https://www.whiskyshop.com/tamdhu-15-year-old,Tamdhu 15 Year Old,98.00
https://www.whiskyshop.com/caol-ila-36-year-old-platinum-old-rare,Caol Ila 36 Year Old Platinum Old &amp; Rare,760.00
https://www.whiskyshop.com/the-loch-fyne-honey-ginger-liqueur,The Loch Fyne Honey &amp; Ginger Liqueur,from 30.00
https://www.whiskyshop.com/fettercairn-warehouse-2-batch-2,Fettercairn Warehouse 2 Batch 2,57.00
https://www.whiskyshop.com/glenkeir-treasures-secret-speyside-8-year-old-1,Glenkeir Treasures Secret Speyside 8 Year Old 10cl,13.00
https://www.whiskyshop.com/glenkeir-treasures-secret-speyside-8-year-old-20cl,Glenkeir Treasures Secret Speyside 8 Year Old 20cl,26.00
https://www.whiskyshop.com/the-last-drop-glenrothes-1968-cask-13504,The Last Drop Glenrothes 1968 Cask 13504,"5,400.00"
https://www.whiskyshop.com/the-last-drop-glenrothes-1968-cask-13508,The Last Drop Glenrothes 1968 Cask 13508,"5,400.00"
https://www.whiskyshop.com/macallan-72-year-old-in-lalique,Macallan 72 Year Old in Lalique,
https://www.whiskyshop.com/glenkeir-treasures-secret-speyside-8-year-old,Glenkeir Treasures Secret Speyside 8 Year Old ,55.00
https://www.whiskyshop.com/clynelish-select-reserve-2014-special-release,Clynelish Select Reserve 2014 Special Release,510.00
https://www.whiskyshop.com/first-editions-bunnahabhain-2007,First Editions Bunnahabhain 2007,80.00
https://www.whiskyshop.com/lindores-abbey-mcdxciv,Lindores Abbey MCDXCIV,46.00
https://www.whiskyshop.com/old-malt-cask-mortlach-10-year-old,Old Malt Cask Mortlach 10 Year Old,98.00
https://www.whiskyshop.com/dalmore-constellation-1973-cask-10,Dalmore Constellation 1973 cask 10,"14,314.00"
https://www.whiskyshop.com/ledaig-1999-pedro-ximenez-cask-matured,Ledaig 1999 Pedro Ximénez Cask Matured,260.00
https://www.whiskyshop.com/highland-park-esquire,Highland Park Esquire,207.00
https://www.whiskyshop.com/probably-speyside-s-finest-50-year-old-platinum-old-rare,Probably Speyside's Finest 50 Year Old Platinum Old &amp; Rare,"2,000.00"
https://www.whiskyshop.com/old-malt-cask-mortlach-8-year-old-20cl,Old Malt Cask Mortlach 8 Year Old 20cl,32.00
https://www.whiskyshop.com/macallan-no-6-1824-series,Macallan No 6 1824 Series ,
https://www.whiskyshop.com/ardnamurchan-ad-07-21-05,Ardnamurchan AD/07.21:05,46.00
https://www.whiskyshop.com/the-loch-fyne-honey-ginger-liqueur-5cl,The Loch Fyne Honey &amp; Ginger Liqueur 5cl,7.00
https://www.whiskyshop.com/old-malt-cask-royal-brackla-19-year-old,Old Malt Cask Royal Brackla 19 Year Old,139.00
https://www.whiskyshop.com/macallan-18-sherry-oak-2021,Macallan 18 Year Old Sherry Oak 2021,
https://www.whiskyshop.com/mortlach-21-year-old-special-releases-2020,Mortlach 21 Year Old Special Releases 2020,595.00
https://www.whiskyshop.com/old-malt-cask-mortlach-11-year-old,Old Malt Cask Mortlach 11 Year Old,98.00
https://www.whiskyshop.com/singleton-17-year-old-special-releases-2020,Singleton 17 Year Old Special Releases 2020,115.00
https://www.whiskyshop.com/johnnie-walker-king-george-v,Johnnie Walker King George V,510.00
https://www.whiskyshop.com/whisky-sour-cocktail-bundle,Whisky Sour Cocktail Bundle,
https://www.whiskyshop.com/highland-park-2008-13yo-octave-tws-exclusive-70cl,Highland Park 2008 13 Year Old Octave #5029773,134.00
https://www.whiskyshop.com/glengoyne-36-year-old-russell-family-cask,Glengoyne 36 Year Old Russell Family Cask,"3,595.00"
https://www.whiskyshop.com/the-loch-fyne-fynest-invergordon-45-year-old,The Loch Fyne Fynest Invergordon 45 Year Old ,309.00
https://www.whiskyshop.com/fettercairn-16-year-old-1st-release,Fettercairn 16 Year Old 1st Release 2020 1 litre,105.00
https://www.whiskyshop.com/the-loch-fyne-glentauchers-10-year-old,The Loch Fyne Glentauchers 10 Year Old,67.00
https://www.whiskyshop.com/glen-grant-30-year-old-platinum-old-rare,Glen Grant 30 Year Old Platinum Old &amp; Rare,470.00
https://www.whiskyshop.com/port-ellen-1983-authors-series-alfred-tennyson,Port Ellen 1983 - Authors' Series - Alfred Tennyson,"2,800.00"
https://www.whiskyshop.com/macallan-a-night-on-earth-in-scotland,Macallan A Night on Earth in Scotland,
https://www.whiskyshop.com/loch-lomond-2011-20-895,Loch Lomond 2011 #20/895 ,60.00
https://www.whiskyshop.com/the-octave-glen-elgin-2010-10-year-old-tws-exclusive,The Octave Glen Elgin 2010 10 Year Old,110.00
https://www.whiskyshop.com/first-editions-talisker-2010-8-year-old,First Editions Talisker 2010 8 Year Old,92.00
https://www.whiskyshop.com/first-editions-tamdhu-2007,First Editions Tamdhu 2007,76.00
https://www.whiskyshop.com/first-editions-benrinnes-2005,First Editions Benrinnes 2005 12 Year Old,80.00
https://www.whiskyshop.com/kilchoman-2012-sherry-cask-the-w-club-exclusive,Kilchoman 2012 Sherry Cask,115.00
https://www.whiskyshop.com/the-loch-fyne-the-living-cask-batch-8,The Loch Fyne The Living Cask Batch 8,from 46.00
https://www.whiskyshop.com/first-editions-macduff-2006-14-year-old,First Editions Macduff 2006 14 Year Old ,90.00
https://www.whiskyshop.com/glenrothes-1988,Glenrothes 1988,365.00
https://www.whiskyshop.com/first-editions-mortlach-2009,First Editions Mortlach 2009,71.00
https://www.whiskyshop.com/macallan-30-year-old-sherry-oak-2020,Macallan 30 Year Old Sherry Oak 2020,"6,500.00"
https://www.whiskyshop.com/tormore-1988-authors-series-frederick-douglass,Authors' Series Tormore 1988 Frederick Douglass,410.00
https://www.whiskyshop.com/rare-find-speyside-1982-39-year-old,Rare Find Speyside 1982 39 Year Old,385.00
https://www.whiskyshop.com/ancnoc-peat,anCnoc Peat,83.00
https://www.whiskyshop.com/allt-a-bhaine-1996-rare-find-tws-exclusive,Rare Find Allt a Bhaine 24 Year Old,156.00
https://www.whiskyshop.com/glen-scotia-2015-ruby-port-21-77-2,Glen Scotia 2015 Ruby Port 21/77-2,55.00
https://www.whiskyshop.com/the-octave-bunnahabhain-2014-7-year-old-3832397,The Octave Bunnahabhain 2014 7 Year Old #3832397,89.00
https://www.whiskyshop.com/loch-lomond-30-year-old,Loch Lomond 30 Year Old,450.00
https://www.whiskyshop.com/loch-fyne-fynest-glengoyne-20-year-old,The Loch Fyne Fynest Glengoyne 20 Year Old,360.00
https://www.whiskyshop.com/glenallachie-2006-6620,GlenAllachie 2006 #6620,102.00
https://www.whiskyshop.com/glenallachie-2008-508,Glenallachie 2008 #508,
https://www.whiskyshop.com/old-pulteney-2006-1448,Old Pulteney 2006 #1448,102.00
https://www.whiskyshop.com/first-editions-benrinnes-2010,First Editions Benrinnes 2010,68.00
https://www.whiskyshop.com/first-editions-jura-2006,First Editions Jura 2006,76.00
https://www.whiskyshop.com/old-malt-cask-inchgower-20-year-old,Old Malt Cask Inchgower 20 Year Old,129.00
https://www.whiskyshop.com/the-loch-fyne-the-living-cask-batch-4-5cl,The Loch Fyne The Living Cask Batch 4 5cl,8.00
https://www.whiskyshop.com/convalmore-32-year-old-2017-special-release,Convalmore 32 Year Old 2017 Special Release,"1,350.00"
https://www.whiskyshop.com/the-macallan-harmony-collection-rich-cacao,The Macallan Harmony Collection Rich Cacao,
https://www.whiskyshop.com/glenlassaugh-50-year-old,Glenglassaugh 50 Year Old,"5,500.00"
https://www.whiskyshop.com/tormore-1988-30-year-old-authors-series-charles-baudelaire,Authors' Series Tormore 1988 30 Year Old - Charles Baudelaire,435.00
https://www.whiskyshop.com/the-loch-fyne-fynest-bunnahabhain-19-year-old,The Loch Fyne Fynest Bunnahabhain 19 Year Old,156.00
https://www.whiskyshop.com/compass-box-the-circle,Compass Box The Circle,125.00
https://www.whiskyshop.com/johnnie-walker-blue-label-legendary-eight,Johnnie Walker Blue Label Legendary Eight,285.00
https://www.whiskyshop.com/glenkeir-treasures-secret-islay-10cl,Glenkeir Treasures Secret Islay 10cl,12.00
https://www.whiskyshop.com/glenkeir-treasures-secret-islay-20cl,Glenkeir Treasures Secret Islay 20cl,24.00
https://www.whiskyshop.com/glen-moray-2008-warhouse-1-manzanilla-finish,Glen Moray 2008 Warehouse 1 Manzanilla Finish,74.95
https://www.whiskyshop.com/dalmore-12-year-old-pedestal-gift-tin,Dalmore 12 Year Old Pedestal Gift Tin ,60.00
https://www.whiskyshop.com/lagavulin-12-year-old-diageo-special-release-2021,Lagavulin 12 Year Old Diageo Special Release 2021,130.00
https://www.whiskyshop.com/authors-series-speyside-s-finest-1967-50-year-old-nathaniel-hawthorne,Authors' Series Probably Speyside's Finest 1968 50 Year Old - Nathaniel Hawthorne ,"2,750.00"
https://www.whiskyshop.com/tullibardine-1993-25-year-old-authors-series,Authors' Series Tullibardine 1993 25 Year Old - William Thackeray,405.00
https://www.whiskyshop.com/cask-treasures-glen-moray-12-year-old-2008,Cask Treasures Glen Moray 2008 12 Year Old,65.00
https://www.whiskyshop.com/benriach-30-year-old,BenRiach 30 Year Old ,650.00
https://www.whiskyshop.com/old-and-rare-bunnahabhain-30-year-old,Old and Rare Bunnahabhain 30 Year Old,580.00
https://www.whiskyshop.com/the-loch-fyne-chocolate-orange-liqueur-5cl,The Loch Fyne Chocolate &amp; Orange Liqueur 5cl,7.00
https://www.whiskyshop.com/the-loch-fyne-blend,The Loch Fyne Blend,25.00
https://www.whiskyshop.com/first-editions-dailuaine-2008-11-year-old,First Editions Dailuaine 2008,85.00
https://www.whiskyshop.com/compass-box-myths-legends-iii,Compass Box Myths &amp; Legends III,135.00
https://www.whiskyshop.com/compass-box-myths-legends-i,Compass Box Myths &amp; Legends I,135.00
https://www.whiskyshop.com/first-editions-craigellachie-2006,First Editions Craigellachie 2006,79.00
https://www.whiskyshop.com/the-loch-fyne-the-living-cask-batch-5,The Loch Fyne - The Living Cask - Batch 5,46.00
https://www.whiskyshop.com/macallan-25-year-old-sherry-oak-2020,Macallan 25 Year Old Sherry Oak ,"2,950.00"
https://www.whiskyshop.com/the-octave-dalmore-2004-16-year-old,The Octave Dalmore 2004 16 Year Old,295.00
https://www.whiskyshop.com/glendronach-26yo-1994-cask-4363-batch-18,GlenDronach 1994 26 Year Old Batch 18,454.00
https://www.whiskyshop.com/old-malt-cask-glengoyne-13-year-old,Old Malt Cask Glengoyne 13 Year Old ,98.00
https://www.whiskyshop.com/old-malt-cask-mortlach-13-year-old,Old Malt Cask Mortlach 13 Year Old,100.00
https://www.whiskyshop.com/first-editions-ben-nevis-9-year-old,First Editions Ben Nevis 2011 9 Year Old,72.00
https://www.whiskyshop.com/john-walker-sons-28-year-old-bicentenary-blend,John Walker &amp; Sons 28 Year Old Bicentenary Blend,760.00
https://www.whiskyshop.com/laphroaig-10-year-old-cask-strength,Laphroaig 10 Year Old Cask Strength 2020,80.00
https://www.whiskyshop.com/invergordon-21-year-old-the-sovereign,Invergordon 21 Year Old The Sovereign,135.00
https://www.whiskyshop.com/first-editions-ardmore-2009-9-year-old,First Editions Ardmore 2009,71.00
https://www.whiskyshop.com/first-editions-tullibardine-2008,First Editions Tullibardine 2008,83.00
https://www.whiskyshop.com/loch-lomond-2004-single-cask,Loch Lomond 2004 Single Cask,115.00
https://www.whiskyshop.com/first-editions-speyburn-2006,First Editions Speyburn 2006,76.00
https://www.whiskyshop.com/laphroaig-20-year-old-platinum-old-rare,Laphroaig 20 Year Old Platinum Old &amp; Rare,425.00
https://www.whiskyshop.com/dalmore-35-year-old,Dalmore 35 Year Old,"7,995.00"
https://www.whiskyshop.com/glen-elgin-18-year-old-2017-special-release,Glen Elgin 18 Year Old 2017 Special Release,310.00
https://www.whiskyshop.com/the-octave-ardmore-2010-11-year-old,The Octave Ardmore 2010 11 Year Old,115.00
https://www.whiskyshop.com/laphroaig-16-year-old,Laphroaig 16 Year Old ,92.00
https://www.whiskyshop.com/old-malt-cask-blair-athol-16-year-old,Old Malt Cask Blair Athol 16 Year Old ,118.00
https://www.whiskyshop.com/old-malt-cask-jura-13-year-old,Old Malt Cask Jura 13 Year Old ,107.00
https://www.whiskyshop.com/loch-lomond-the-open-special-edition,Loch Lomond The Open Special Edition,41.00
https://www.whiskyshop.com/first-editions-aultmore-2010-10-year-old,First Editions Aultmore 2010,72.00
https://www.whiskyshop.com/the-loch-fyne-craigellachie-10-year-old-2007,The Loch Fyne Craigellachie 10 Year Old 2007,72.00
https://www.whiskyshop.com/first-edition-glen-moray-2007-14-year-old,First Editions Glen Moray 2007 14 Year Old,95.00
https://www.whiskyshop.com/dalmore-30-year-old-2021-release,Dalmore 30 Year Old 2021 Release,"4,500.00"
https://www.whiskyshop.com/dalmore-29-year-old-platinum-old-rare,Dalmore 29 Year Old Platinum Old &amp; Rare,475.00
https://www.whiskyshop.com/clynelish-27-year-old-platinium-old-rare,Clynelish 27 Year Old Platinum Old &amp; Rare,500.00
https://www.whiskyshop.com/the-loch-fyne-the-living-cask-batch-6,The Loch Fyne The Living Cask Batch 6,46.00
https://www.whiskyshop.com/loch-lomond-19-year-old-royal-portrush,Loch Lomond 19 Year Old Royal Portrush,166.00
https://www.whiskyshop.com/ancnoc-2007-660,anCnoc 2007 #660,97.00
https://www.whiskyshop.com/first-editions-craigellachie-2011-8-year-old,First Editions Craigellachie 2011,72.00
https://www.whiskyshop.com/first-editions-blair-athol-2012-8-year-old,First Editions Blair Athol 2012,69.00
https://www.whiskyshop.com/first-editions-glenburgie-2007-13-year-old,First Editions Glenburgie 2007,90.00
https://www.whiskyshop.com/glendronach-27yo-1993-cask-7276-batch-18,GlenDronach 1993 27 Year Old Batch 18,553.00
https://www.whiskyshop.com/macallan-71-year-old-red-collection,Macallan 71 Year Old Red Collection,
https://www.whiskyshop.com/old-malt-cask-inchmurrin-23-year-old,Old Malt Cask Inchmurrin 23 Year Old,166.00
https://www.whiskyshop.com/old-malt-cask-tobermory-12-year-old,Old Malt Cask Tobermory 12 Year Old,95.00
https://www.whiskyshop.com/compass-box-myths-legends-ii,Compass Box Myths &amp; Legends II,135.00
https://www.whiskyshop.com/first-editions-blair-athol-2010,First Editions Blair Athol 2010,71.00
https://www.whiskyshop.com/loch-lomond-the-open-special-edition-distiller-s-cut,Loch Lomond The Open Special Edition Distiller's Cut Gift Pack,57.00
https://www.whiskyshop.com/glenlivet-80-year-old-generations,The Glenlivet 80 Year Old Generations Gordon &amp; MacPhail,"100,000.00"
https://www.whiskyshop.com/lagavulin-26yo-diageo-special-release-2021,Lagavulin 26 Year Old Diageo Special Release 2021,"1,650.00"
https://www.whiskyshop.com/first-editions-auchroisk-2011-9-year-old,First Editions Auchroisk 2011,70.00
https://www.whiskyshop.com/macallan-exceptional-single-cask-1950,Macallan Exceptional Single Cask 1950,
https://www.whiskyshop.com/glenfiddich-30-year-old,Glenfiddich 30 Year Old ,600.00
https://www.whiskyshop.com/loch-fyne-caol-ila-10-year-old-2010,The Loch Fyne Caol Ila 10 Year Old 2010,62.00
https://www.whiskyshop.com/fettercairn-28-year-old,Fettercairn 28 Year Old,460.00
https://www.whiskyshop.com/the-octave-glengarioch-2012-9-year-old,The Octave Glengarioch 2012 9 Year Old ,99.00
https://www.whiskyshop.com/old-malt-cask-highland-park-19-year-old,Old Malt Cask Highland Park 19 Year Old,309.00
https://www.whiskyshop.com/glenkeir-treasures-twin-casks-secret-speyside-9-year-old,Glenkeir Treasures Twin Casks Secret Speyside 9 Year Old,68.00
https://www.whiskyshop.com/bunnahabhain-1988-marsala-cask-finish,Bunnahabhain 1988 Marsala Cask Finish,460.00
https://www.whiskyshop.com/johnnie-walker-gold-icon-200th-anniversary,Johnnie Walker Gold Icon 200th Anniversary,
https://www.whiskyshop.com/glen-moray-madeira-cask-project,Glen Moray Madeira Cask Project,
https://www.whiskyshop.com/first-editions-blair-athol-2009,First Editions Blair Athol 2009,72.00
https://www.whiskyshop.com/first-editions-mortlach-2007-11-year-old,First Editions Mortlach 2007 11 Year Old,88.00
https://www.whiskyshop.com/jura-two-one-two,Jura Two-One-Two (212),93.00
https://www.whiskyshop.com/old-malt-cask-glenburgie-19-year-old,Old Malt Cask Glenburgie 19 Year Old,130.00
https://www.whiskyshop.com/first-editions-glen-garioch-2008-10-year-old,First Editions Glen Garioch 2008,72.00
https://www.whiskyshop.com/old-malt-cask-talisker-8-year-old,Old Malt Cask Talisker 8 Year Old,120.00
https://www.whiskyshop.com/first-editions-tamnavulin-2010-10-year-old,First Editions Tamnavulin 2010,72.00
https://www.whiskyshop.com/bowmore-1988-31-year-old-candied-violets,Wemyss Malts Bowmore 1988 31 Year Old Candied Violets,580.00
https://www.whiskyshop.com/the-loch-fyne-the-living-cask-batch-10,The Loch Fyne The Living Cask Batch 10,46.00
https://www.whiskyshop.com/the-loch-fyne-the-living-cask-batch-9,The Loch Fyne The Living Cask Batch 9,from 46.00
https://www.whiskyshop.com/darkness-craigellachie-11-year-old-moscatel-cask-finish,Darkness Craigellachie 11 Year Old Moscatel Cask Finish ,95.00
https://www.whiskyshop.com/first-editions-mortlach-2010-11-year-old,First Editions Mortlach 2010,81.00
https://www.whiskyshop.com/the-loch-fyne-the-living-cask-1745,The Loch Fyne The Living Cask 1745,from 78.00
https://www.whiskyshop.com/old-malt-cask-longmorn-21-year-old,Old Malt Cask Longmorn 21 Year Old,156.00
https://www.whiskyshop.com/johnnie-walker-blue-label-ghost-rare-glenury-royal,Johnnie Walker Blue Label Ghost &amp; Rare: Glenury Royal,285.00
https://www.whiskyshop.com/first-editions-laphroaig-2004-16-year-old,First Editions Laphroaig 2004 16 Year Old ,299.00
https://www.whiskyshop.com/woodford-reserve-1838-style-white-corn,Woodford Reserve 1838 Style White Corn,130.00
https://www.whiskyshop.com/glen-scotia-11-year-old-sherry-double,Glen Scotia 11 Year Old Sherry Double Cask,62.00
https://www.whiskyshop.com/mortlach-26-year-old-special-releases-2019,Mortlach 26 Year Old Special Releases 2019,"1,500.00"
https://www.whiskyshop.com/the-loch-fyne-craigellachie-12-year-old,The Loch Fyne Craigellachie 12 Year Old ,83.00
https://www.whiskyshop.com/the-loch-fyne-bunnahabhain-14-year-old-2005,The Loch Fyne Bunnahabhain 14 Year Old 2005,98.00
https://www.whiskyshop.com/mars-komagatake-limited-release-2020,Mars Komagatake 2020,137.00
https://www.whiskyshop.com/the-loch-fyne-the-living-cask-batch-7,The Loch Fyne The Living Cask Batch 7,46.00
https://www.whiskyshop.com/the-loch-fyne-aultmore-12-year-old,The Loch Fyne Aultmore 12 Year Old,from 83.00
https://www.whiskyshop.com/bimber-bourbon-cask-batch-3,Bimber Ex-Bourbon Oak Casks Batch 3,67.00
https://www.whiskyshop.com/the-lakes-mosaic-whiskymaker-s-edition,The Lakes Single Malt Whiskymaker's Editions: Mosaic,80.00
https://www.whiskyshop.com/the-lakes-single-malt-whisky-makers-forbidden-fruit,The Lakes Single Malt Whiskymaker's Editions: Forbidden Fruit,100.00
https://www.whiskyshop.com/that-boutique-y-gin-company-advent-calendar-2021,That Boutique-y Gin Company Advent Calendar (2021 Edition),39.99
https://www.whiskyshop.com/waterford-lakefield-1-1,Waterford Lakefield 1.1,72.00
https://www.whiskyshop.com/bimber-exclusive-single-cask,Bimber Single Cask #103,130.00
https://www.whiskyshop.com/buffalo-trace-single-barrel-tws-exclusive,Buffalo Trace Single Barrel Select,52.00
https://www.whiskyshop.com/penderyn-2014-bourbon-cask-175,Penderyn 2014 Bourbon Cask #175,98.00
https://www.whiskyshop.com/makers-mark-private-select-batch-4,Maker's Mark Private Select Batch #4,88.00
https://www.whiskyshop.com/whistlepig-single-barrel-rye-10-year-old-72177,WhistlePig Single Barrel Rye 10 Year Old #72177,130.00
https://www.whiskyshop.com/tyrconnell-16-year-old-oloroso-moscatel-cask-finish,Tyrconnell 16 Year Old Oloroso &amp; Moscatel Cask Finish,83.00
https://www.whiskyshop.com/glenfarclas-1966,Glenfarclas 1966,"3,999.00"
https://www.whiskyshop.com/glenfarclas-1972,Glenfarclas 1972 ,"2,700.00"
https://www.whiskyshop.com/glenfarclas-1969,Glenfarclas 1969,"3,999.00"
https://www.whiskyshop.com/glenfarclas-1964,Glenfarclas 1964,"3,999.00"
https://www.whiskyshop.com/royal-lochnagar-12-year-old,Royal Lochnagar 12 Year Old,39.00
https://www.whiskyshop.com/fettercairn-warehouse-2-batch-3,Fettercairn Warehouse 2 Batch 3,60.00
https://www.whiskyshop.com/fettercairn-12-year-old,Fettercairn 12 Year Old,46.00
https://www.whiskyshop.com/macallan-private-eye-1153,Macallan Private Eye,
https://www.whiskyshop.com/tamdhu-18-year-old,Tamdhu 18 Year Old,
https://www.whiskyshop.com/the-cally-1974-caledonian-40-year-old-2015-special-release,The Cally 1974 'Caledonian' 40 Year Old 2015 Special Release,830.00
https://www.whiskyshop.com/loch-lomond-45-year-old,Loch Lomond 45 Year Old,
https://www.whiskyshop.com/glengoyne-30-year-old,Glengoyne 30 Year Old,
https://www.whiskyshop.com/deanston-18-year-old,Deanston 18 Year Old,
https://www.whiskyshop.com/macallan-exceptional-single-cask-1997-14-03-2019-release,Macallan Exceptional Single Cask 1997 14/03 2019 Release,
https://www.whiskyshop.com/gordon-macphail-glen-grant-1966-45-year-old,Gordon &amp; Macphail Glen Grant 1966 45 Year Old,
https://www.whiskyshop.com/macallan-12-year-old-sherry-oak,Macallan 12 Year Old Sherry Oak,from 85.00
https://www.whiskyshop.com/balvenie-the-second-red-rose-21-year-old,Balvenie The Second Red Rose 21 Year Old,
https://www.whiskyshop.com/kilchoman-machir-bay-cask-strength-christmas-edition,Kilchoman Machir Bay Cask Strength Christmas Edition,58.00
https://www.whiskyshop.com/old-malt-cask-caol-ila-10-year-old,Old Malt Cask Caol Ila 10 Year Old ,
https://www.whiskyshop.com/macallan-40-year-old-red-collection,Macallan 40 Year Old Red Collection,
https://www.whiskyshop.com/balvenie-tun-1509-batch-8,Balvenie Tun 1509 Batch 8 ,
https://www.whiskyshop.com/glencairn-glasses-flight-tray,Glencairn Glasses Flight Tray ,31.00
https://www.whiskyshop.com/laphroaig-25-year-old-cask-strength-2021,Laphroaig 25 Year Old Cask Strength 2021,
https://www.whiskyshop.com/glenmorangie-18-year-old,Glenmorangie 18 Year Old,
https://www.whiskyshop.com/makers-46,Maker's 46,40.00
https://www.whiskyshop.com/hibiki-japanese-harmony,Hibiki Japanese Harmony,
https://www.whiskyshop.com/tullamore-dew,Tullamore DEW,
https://www.whiskyshop.com/teeling-rum-cask-finish,Teeling Rum Cask Finish,
https://www.whiskyshop.com/old-fashioned-cocktail-bundle,Old Fashioned Cocktail Bundle,
https://www.whiskyshop.com/negroni-cocktail-bundle,Negroni Cocktail Bundle,
https://www.whiskyshop.com/manhattan-cocktail-bundle,Manhattan Cocktail Bundle,
